alpha,beta,gamma,max_abs_r_baseline,most_correlated_baseline,raw_corr_target,partial_corr_target,pcor_ci_lo,pcor_ci_hi,rel_resid,in_span,pcor_ci_verdict,screen_verdict
-1.0,-1.0,0.0,0.9813787018021184,mM2,-0.5374671957436737,0.0,0.0,0.0,5.548629076766603e-14,True,IN_SPAN,FAIL
-1.0,-1.0,0.5,0.97900802936335,mM2,-0.5201177897143867,0.0,0.0,0.0,1.2808675832251138e-13,True,IN_SPAN,FAIL
-1.0,-1.0,1.0,0.9654555172795273,mM2,-0.49831151644905,0.0,0.0,0.0,2.93613875524746e-13,True,IN_SPAN,FAIL
-1.0,-1.0,2.0,0.981682823634793,mM1,-0.44757540245837013,0.0,0.0,0.0,3.047784291774627e-13,True,IN_SPAN,FAIL
-1.0,-0.5,0.0,0.9960360893689487,mM2,-0.560788335705065,0.0,0.0,0.0,4.320106176031657e-14,True,IN_SPAN,FAIL
-1.0,-0.5,0.5,0.9923605474726064,mM2,-0.5434144401295234,0.0,0.0,0.0,1.1089443645999651e-13,True,IN_SPAN,FAIL
-1.0,-0.5,1.0,0.9777695074564424,mM2,-0.5213758360927576,0.0,0.0,0.0,3.30564113047642e-13,True,IN_SPAN,FAIL
-1.0,-0.5,2.0,0.9893605458343736,mM1,-0.46902076188513797,0.0,0.0,0.0,5.308901044428816e-13,True,IN_SPAN,FAIL
-1.0,0.0,0.0,1.0,mM2,-0.5749821808665357,0.0,0.0,0.0,3.153751644454413e-14,True,IN_SPAN,FAIL
-1.0,0.0,0.5,0.9949282752300367,mM2,-0.5576482907891336,0.0,0.0,0.0,1.2221511867785582e-13,True,IN_SPAN,FAIL
-1.0,0.0,1.0,0.9796584694347584,mM2,-0.5357574235894087,0.0,0.0,0.0,8.196687748558509e-14,True,IN_SPAN,FAIL
-1.0,0.0,2.0,0.9883707080605675,mM1,-0.4832461670482574,0.0,0.0,0.0,3.9299907692655844e-13,True,IN_SPAN,FAIL
-1.0,0.5,0.0,0.997807312102734,R,-0.5824656674898343,0.0,0.0,0.0,2.192842604048223e-14,True,IN_SPAN,FAIL
-1.0,0.5,0.5,0.9906272301312721,mM2,-0.5651889860435967,0.0,0.0,0.0,6.19009094648533e-14,True,IN_SPAN,FAIL
-1.0,0.5,1.0,0.9748933322083593,mM2,-0.5436567472222673,0.0,0.0,0.0,2.1000518614701788e-13,True,IN_SPAN,FAIL
-1.0,0.5,2.0,0.9819302040053824,mM1,-0.4919149341085733,0.0,0.0,0.0,2.750502278869903e-13,True,IN_SPAN,FAIL
-1.0,1.0,0.0,0.9985316431602335,R,-0.5851137365260294,0.0,0.0,0.0,2.504389310123411e-14,True,IN_SPAN,FAIL
-1.0,1.0,0.5,0.9913981477313606,EE,-0.5679260915219785,0.0,0.0,0.0,6.541207206059661e-14,True,IN_SPAN,FAIL
-1.0,1.0,1.0,0.979450433268633,AG,-0.5468718299575644,0.0,0.0,0.0,2.3118630268177224e-13,True,IN_SPAN,FAIL
-1.0,1.0,2.0,0.9723675800553544,mM1,-0.4964323830658238,0.0,0.0,0.0,4.586882084555441e-13,True,IN_SPAN,FAIL
-0.5,-1.0,0.0,0.9981757650002886,mM2,-0.579846216769595,0.0,0.0,0.0,9.35571655298245e-14,True,IN_SPAN,FAIL
-0.5,-1.0,0.5,0.9991319257065694,mM2,-0.5655943495747687,0.0,0.0,0.0,1.0978943721921403e-13,True,IN_SPAN,FAIL
-0.5,-1.0,1.0,0.9904788494832987,mM2,-0.5467176627598781,0.0,0.0,0.0,2.8532108080480735e-13,True,IN_SPAN,FAIL
-0.5,-1.0,2.0,0.9783680411702893,mM1,-0.4984089930177306,0.0,0.0,0.0,1.3325648634517836e-13,True,IN_SPAN,FAIL
-0.5,-0.5,0.0,0.9979258253204516,H,-0.5879979730261365,0.0,0.0,0.0,2.7590219445887446e-14,True,IN_SPAN,FAIL
-0.5,-0.5,0.5,0.9961903431552757,mM2,-0.5736830203878944,0.0,0.0,0.0,1.0314872180558014e-13,True,IN_SPAN,FAIL
-0.5,-0.5,1.0,0.9866933887351537,mM2,-0.5551095015927485,0.0,0.0,0.0,4.831612534814343e-13,True,IN_SPAN,FAIL
-0.5,-0.5,2.0,0.973311625378171,mM1,-0.5077770191674634,0.0,0.0,0.0,3.645723497251052e-13,True,IN_SPAN,FAIL
-0.5,0.0,0.0,1.0,R,-0.5911765827843574,0.0,0.0,0.0,2.8649550186853483e-14,True,IN_SPAN,FAIL
-0.5,0.0,0.5,0.9964582835472797,R,-0.576757054561911,0.0,0.0,0.0,1.4594707373781074e-13,True,IN_SPAN,FAIL
-0.5,0.0,1.0,0.9875528650815039,AG,-0.5585235494514648,0.0,0.0,0.0,2.1451834828441184e-13,True,IN_SPAN,FAIL
-0.5,0.0,2.0,0.9648201514790125,mM1,-0.5125587733640382,0.0,0.0,0.0,5.767802843993452e-13,True,IN_SPAN,FAIL
-0.5,0.5,0.0,0.9990714919692717,EE,-0.5907281416111545,0.0,0.0,0.0,1.5614256165413176e-14,True,IN_SPAN,FAIL
-0.5,0.5,0.5,0.9974161920949113,AG,-0.5762371883851601,0.0,0.0,0.0,9.559056304763188e-14,True,IN_SPAN,FAIL
-0.5,0.5,1.0,0.9899635377997561,AG,-0.5583806250022155,0.0,0.0,0.0,9.421739437184093e-14,True,IN_SPAN,FAIL
-0.5,0.5,2.0,0.9683880203068453,SO_red,-0.5139724247743349,0.0,0.0,0.0,1.7387618961578645e-13,True,IN_SPAN,FAIL
-0.5,1.0,0.0,1.0,AG,-0.5875648008565826,0.0,0.0,0.0,1.2833548398327289e-14,True,IN_SPAN,FAIL
-0.5,1.0,0.5,0.9973983369699965,AG,-0.5730882381296848,0.0,0.0,0.0,7.290790188609299e-14,True,IN_SPAN,FAIL
-0.5,1.0,1.0,0.9905785234869791,SO,-0.5556552743731138,0.0,0.0,0.0,1.1928608882046917e-13,True,IN_SPAN,FAIL
-0.5,1.0,2.0,0.9739215387895843,SO_red,-0.5128861434170828,0.0,0.0,0.0,4.1868014385236413e-13,True,IN_SPAN,FAIL
0.0,-1.0,0.0,1.0,H,-0.5955403145601469,0.0,0.0,0.0,1.2792828261065089e-14,True,IN_SPAN,FAIL
0.0,-1.0,0.5,0.9993864219830496,R,-0.5835309108698654,0.0,0.0,0.0,7.288491105589145e-14,True,IN_SPAN,FAIL
0.0,-1.0,1.0,0.9932648311495552,R,-0.5679320367318152,0.0,0.0,0.0,1.8921640716740335e-13,True,IN_SPAN,FAIL
0.0,-1.0,2.0,0.9670523611474102,AG,-0.5267844535987478,0.0,0.0,0.0,3.2195975660570714e-13,True,IN_SPAN,FAIL
0.0,-0.5,0.0,0.9999999999999999,SCI,-0.5955680417289817,0.0,0.0,0.0,2.697863006811536e-14,True,IN_SPAN,FAIL
0.0,-0.5,0.5,0.9988235787121261,EE,-0.5832779564363592,0.0,0.0,0.0,3.5419710336512314e-14,True,IN_SPAN,FAIL
0.0,-0.5,1.0,0.995198744825027,AG,-0.5678555085985768,0.0,0.0,0.0,1.8689843036517725e-13,True,IN_SPAN,FAIL
0.0,-0.5,2.0,0.975401571274095,SO_red,-0.5281021087834715,0.0,0.0,0.0,3.182746923861619e-13,True,IN_SPAN,FAIL
0.0,0.0,0.0,0.999265047095175,GA,-0.592765377532449,0.0,0.0,0.0,2.23006164070338e-14,True,IN_SPAN,FAIL
0.0,0.0,0.5,0.9995595767832662,AG,-0.5802841046502635,0.0,0.0,0.0,4.022765640733218e-14,True,IN_SPAN,FAIL
0.0,0.0,1.0,0.9951386618972196,AG,-0.5650816799633032,0.0,0.0,0.0,8.19563075587871e-14,True,IN_SPAN,FAIL
0.0,0.0,2.0,0.9816462884107265,SO_red,-0.5267563877795136,0.0,0.0,0.0,1.376659158719744e-13,True,IN_SPAN,FAIL
0.0,0.5,0.0,0.9997998851665578,ABS,-0.5877133781464678,0.0,0.0,0.0,2.5844652528186374e-14,True,IN_SPAN,FAIL
0.0,0.5,0.5,0.9987976760377115,SO,-0.5751761697935256,0.0,0.0,0.0,1.981375915008778e-14,True,IN_SPAN,FAIL
0.0,0.5,1.0,0.9959989311034331,SO,-0.5602650470658677,0.0,0.0,0.0,7.5538977630866e-14,True,IN_SPAN,FAIL
0.0,0.5,2.0,0.9851189125968363,SO_red,-0.5233894645122212,0.0,0.0,0.0,1.6332764130343338e-13,True,IN_SPAN,FAIL
0.0,1.0,0.0,1.0,M1,-0.5807587546909055,0.0,0.0,0.0,3.10656003537388e-14,True,IN_SPAN,FAIL
0.0,1.0,0.5,0.9994451147280184,SO,-0.5683240340437258,0.0,0.0,0.0,1.937511002826966e-14,True,IN_SPAN,FAIL
0.0,1.0,1.0,0.998079408054644,SO_red,-0.55379520762772,0.0,0.0,0.0,9.64959284072495e-15,True,IN_SPAN,FAIL
0.0,1.0,2.0,0.9863757047425766,SO_red,-0.5184073925527356,0.0,0.0,0.0,2.1990013547364058e-14,True,IN_SPAN,FAIL
0.5,-1.0,0.0,1.0,GA,-0.5967654932343094,0.0,0.0,0.0,3.2258174875600485e-14,True,IN_SPAN,FAIL
0.5,-1.0,0.5,0.9995614174590456,AG,-0.5859466659500838,0.0,0.0,0.0,3.9151733033212356e-14,True,IN_SPAN,FAIL
0.5,-1.0,1.0,0.99827493854124,AG,-0.5726866479594711,0.0,0.0,0.0,9.207732003256037e-14,True,IN_SPAN,FAIL
0.5,-1.0,2.0,0.9860105958168618,SO_red,-0.5386094047885962,0.0,0.0,0.0,9.400214207718033e-14,True,IN_SPAN,FAIL
0.5,-0.5,0.0,0.9995213597805278,ABS,-0.5920263989025937,0.0,0.0,0.0,4.446941556393163e-14,True,IN_SPAN,FAIL
0.5,-0.5,0.5,0.9992592638348118,ABS,-0.5809896201248731,0.0,0.0,0.0,9.90762669024473e-15,True,IN_SPAN,FAIL
0.5,-0.5,1.0,0.9978806273292211,SO,-0.5678367346451155,0.0,0.0,0.0,3.572630524386198e-14,True,IN_SPAN,FAIL
0.5,-0.5,2.0,0.990157631904812,SO_red,-0.5349086201186014,0.0,0.0,0.0,6.274263783743451e-14,True,IN_SPAN,FAIL
0.5,0.0,0.0,0.9994660459622402,M1,-0.585264822409483,0.0,0.0,0.0,1.9663013242817917e-14,True,IN_SPAN,FAIL
0.5,0.0,0.5,0.9998078722819302,SO,-0.5741899863886888,0.0,0.0,0.0,2.5819936582594778e-14,True,IN_SPAN,FAIL
0.5,0.0,1.0,0.9983059497404606,SO,-0.5612570199922733,0.0,0.0,0.0,3.3426897440033485e-14,True,IN_SPAN,FAIL
0.5,0.0,2.0,0.9919967883180371,SO_red,-0.5295304015828989,0.0,0.0,0.0,1.104812449786392e-14,True,IN_SPAN,FAIL
0.5,0.5,0.0,0.9989791270518739,M1,-0.5766610584715457,0.0,0.0,0.0,4.246587150140411e-14,True,IN_SPAN,FAIL
0.5,0.5,0.5,0.9988738362098273,SO,-0.5657375770073042,0.0,0.0,0.0,1.1287753542269065e-13,True,IN_SPAN,FAIL
0.5,0.5,1.0,0.9994072457469447,SO_red,-0.5531526365713807,0.0,0.0,0.0,9.765300095010803e-14,True,IN_SPAN,FAIL
0.5,0.5,2.0,0.9918004105818269,SO_red,-0.5227194456341842,0.0,0.0,0.0,1.782034966935502e-13,True,IN_SPAN,FAIL
0.5,1.0,0.0,0.9997080084004254,M2,-0.5662846541820753,0.0,0.0,0.0,5.449147303612994e-15,True,IN_SPAN,FAIL
0.5,1.0,0.5,0.9993831117332546,F,-0.5557016711242712,0.0,0.0,0.0,1.1166626294544892e-13,True,IN_SPAN,FAIL
0.5,1.0,1.0,0.9992866806322142,F,-0.5436031010742016,0.0,0.0,0.0,1.1302307137448129e-13,True,IN_SPAN,FAIL
0.5,1.0,2.0,0.9909229400020497,F,-0.5145988772297311,0.0,0.0,0.0,1.5809550994039066e-13,True,IN_SPAN,FAIL
1.0,-1.0,0.0,0.9981078011984291,M1,-0.5889480484192,0.0,0.0,0.0,9.823049186520563e-14,True,IN_SPAN,FAIL
1.0,-1.0,0.5,0.9996987795004316,M1,-0.5789858850034642,0.0,0.0,0.0,3.968059984022075e-14,True,IN_SPAN,FAIL
1.0,-1.0,1.0,0.9992870143360295,SO,-0.5673875010463109,0.0,0.0,0.0,5.081493268206333e-14,True,IN_SPAN,FAIL
1.0,-1.0,2.0,0.9950222609478485,SO_red,-0.5388978147873986,0.0,0.0,0.0,2.786193506946059e-14,True,IN_SPAN,FAIL
1.0,-0.5,0.0,0.99855120925902,M1,-0.5804649443504688,0.0,0.0,0.0,3.40397129585553e-14,True,IN_SPAN,FAIL
1.0,-0.5,0.5,0.9989664037671679,SO,-0.5705594896889622,0.0,0.0,0.0,3.050685610505503e-14,True,IN_SPAN,FAIL
1.0,-0.5,1.0,0.9988072068509524,SO_red,-0.5591888240468194,0.0,0.0,0.0,6.695501859219097e-14,True,IN_SPAN,FAIL
1.0,-0.5,2.0,0.9954487639756129,SO_red,-0.5317240745475857,0.0,0.0,0.0,2.1302231968484994e-13,True,IN_SPAN,FAIL
1.0,0.0,0.0,1.0,M2,-0.5700918078712182,0.0,0.0,0.0,5.72031145654641e-15,True,IN_SPAN,FAIL
1.0,0.0,0.5,0.9990132290475914,M2,-0.5604473823809458,0.0,0.0,0.0,4.407628123087473e-14,True,IN_SPAN,FAIL
1.0,0.0,1.0,0.999226506770018,F,-0.5494611897612213,0.0,0.0,0.0,7.458189917610504e-14,True,IN_SPAN,FAIL
1.0,0.0,2.0,0.9945844320972892,F,-0.5231865694745538,0.0,0.0,0.0,2.9953647072042473e-13,True,IN_SPAN,FAIL
1.0,0.5,0.0,0.9982285321351712,M2,-0.5578383863920953,0.0,0.0,0.0,3.3559683393138555e-14,True,IN_SPAN,FAIL
1.0,0.5,0.5,0.9984721086726916,redM1,-0.5486488848044425,0.0,0.0,0.0,1.1644053849231888e-13,True,IN_SPAN,FAIL
1.0,0.5,1.0,0.998716269798857,F,-0.5382058596589328,0.0,0.0,0.0,1.8528363518259212e-13,True,IN_SPAN,FAIL
1.0,0.5,2.0,0.992853743369617,F,-0.5133235878675366,0.0,0.0,0.0,5.60875753703123e-13,True,IN_SPAN,FAIL
1.0,1.0,0.0,0.99433601059703,redM1,-0.5436943912107545,0.0,0.0,0.0,6.29679853411062e-14,True,IN_SPAN,FAIL
1.0,1.0,0.5,0.9955590138655417,redM1,-0.5351384352785931,0.0,0.0,0.0,6.996982134564654e-15,True,IN_SPAN,FAIL
1.0,1.0,1.0,0.995276134681149,F,-0.5253946006737139,0.0,0.0,0.0,1.821373354424842e-13,True,IN_SPAN,FAIL
1.0,1.0,2.0,0.9888281387884347,F,-0.502135778843817,0.0,0.0,0.0,6.915227199586189e-13,True,IN_SPAN,FAIL
