canonical_smiles,target,graph_wl_hash
BrC(Br)Br,-2.13,cde6b48ed870286595c1455af7aff8bd
BrCBr,-1.96,5144181ac27497fdfa9bdb5b8b799630
BrCCBr,-2.33,69144809aea48cb46eae9c3950f24a15
BrCc1ccccc1,-2.38,b7ed9101b4ca2813c31d35330d0fcb01
Brc1ccc(Br)cc1,-2.3,e396601f6c53c7d8fc72e0c242851c62
Brc1ccccc1,-1.46,199bc20adfdca6d6b6a06391ec8e4ac2
C#CC,-0.48,5144181ac27497fdfa9bdb5b8b799630
C#CCC,-0.16,69144809aea48cb46eae9c3950f24a15
C#CCCC,0.01,5a8eac0760a558d4174437be478ec0aa
C#CCCCC,0.29,50803b752054f0512687e537ee7368f9
C#CCCCCC,0.6,bd4d5e09460e489b3a7687d2fb06fc0c
C#CCCCCCC,0.71,653d67ad3d369bf2cd63d0027cde92ec
C/C=C/C=O,-4.22,5a8eac0760a558d4174437be478ec0aa
C/C=C/CCCC,1.68,bd4d5e09460e489b3a7687d2fb06fc0c
C/C=C\CC,1.31,5a8eac0760a558d4174437be478ec0aa
C1=CC=CCC=C1,-0.99,7efca02d91f49e4bd32e9ceac2c5c6eb
C1=CCCC1,0.56,081a3ef2a02910794db9cb14b9d27e2c
C1=CCCCC1,0.14,da3c81488557dc57e6e1f0bd43d65336
C1CC1,0.75,b4844a241e7c75ea7eb690acd3c4c004
C1CCCC1,1.2,081a3ef2a02910794db9cb14b9d27e2c
C1CCCCC1,1.23,da3c81488557dc57e6e1f0bd43d65336
C1CCNC1,-5.48,081a3ef2a02910794db9cb14b9d27e2c
C1CCNCC1,-5.11,da3c81488557dc57e6e1f0bd43d65336
C1CCOC1,-3.47,081a3ef2a02910794db9cb14b9d27e2c
C1CCOCC1,-3.12,da3c81488557dc57e6e1f0bd43d65336
C1CNC1,-5.56,20a60ed013bc1976376f734be7d8d92c
C1CNCCN1,-7.4,da3c81488557dc57e6e1f0bd43d65336
C1COCCN1,-7.17,da3c81488557dc57e6e1f0bd43d65336
C1COCCO1,-5.06,da3c81488557dc57e6e1f0bd43d65336
C=C,1.28,3ba4ffe16dfe637510ed1c3676ec6cb0
C=C(C)C,1.16,cde6b48ed870286595c1455af7aff8bd
C=C(C)C(=C)C,0.4,833c89e8aca800e5707fb47ea63f9088
C=C(C)CCC,1.47,f619afa25c1921f996d128a1dfefef72
C=C(C)[C@@H]1CC=C(C)[C@@H](O)C1,-4.44,a19b84b6d4d8cc06f97f534e1f87d772
C=C(C)[C@@H]1CC=C(C=O)CC1,-4.09,bb062e0bc45e4e6ed664d01bbaef9c5c
C=C(C)[C@@H]1CC[C@@H](C)C(=O)C1,-3.75,a19b84b6d4d8cc06f97f534e1f87d772
C=C(C)c1ccccc1,-1.24,a95dd18a873671a30a757f426a8fa77a
C=C(Cl)Cl,0.25,cde6b48ed870286595c1455af7aff8bd
C=C(c1ccccc1)c1ccccc1,-2.78,ee0fd505ddc029c6c923c883bfebf038
C=CC,1.32,5144181ac27497fdfa9bdb5b8b799630
C=CC(=C)C,0.68,7e799239f8573f120a2c5e15cda2e88f
C=CC(C)C,1.83,7e799239f8573f120a2c5e15cda2e88f
C=CC=C,0.56,69144809aea48cb46eae9c3950f24a15
C=CCC,1.38,69144809aea48cb46eae9c3950f24a15
C=CCC=C,0.93,5a8eac0760a558d4174437be478ec0aa
C=CCCC,1.68,5a8eac0760a558d4174437be478ec0aa
C=CCCC=C,1.01,50803b752054f0512687e537ee7368f9
C=CCCCC,1.58,50803b752054f0512687e537ee7368f9
C=CCCCCC,1.66,bd4d5e09460e489b3a7687d2fb06fc0c
C=CCCCCCC,1.92,653d67ad3d369bf2cd63d0027cde92ec
C=CCCCCCCC,2.06,44003dd512e49164eb3c5d08bf21eb36
C=CCCl,-0.57,69144809aea48cb46eae9c3950f24a15
C=CCO,-5.03,69144809aea48cb46eae9c3950f24a15
C=CCl,-0.59,5144181ac27497fdfa9bdb5b8b799630
C=C[C@@](C)(CCC=C(C)C)OC(C)=O,-2.49,3d657750eabfb42e1ce5b167fdd52b63
C=Cc1ccccc1,-1.24,b7ed9101b4ca2813c31d35330d0fcb01
C=O,-2.75,3ba4ffe16dfe637510ed1c3676ec6cb0
CBr,-0.82,3ba4ffe16dfe637510ed1c3676ec6cb0
CC,1.83,3ba4ffe16dfe637510ed1c3676ec6cb0
CC#N,-3.88,5144181ac27497fdfa9bdb5b8b799630
CC(=O)C(C)(C)C,-3.11,f848d40cbfa43815a8aa73d15a4c0574
CC(=O)C(C)C,-3.24,833c89e8aca800e5707fb47ea63f9088
CC(=O)C1CC1,-4.61,5bfd79024282ae69c62758a244a2de56
CC(=O)C1CCCCC1,-3.9,a95dd18a873671a30a757f426a8fa77a
CC(=O)CC(C)C,-3.05,af7ff602e385e2b324d14d3396a2867f
CC(=O)CO[N+](=O)[O-],-5.99,b56cb3d3ba5007db46c11d7fcc86bc78
CC(=O)N1CCCC1,-9.8,0fa2c7978015da5cffb835dd3a6905fb
CC(=O)O,-6.69,cde6b48ed870286595c1455af7aff8bd
CC(=O)OC(C)C,-2.64,af7ff602e385e2b324d14d3396a2867f
CC(=O)OC(C)OC(C)=O,-4.97,8baa2ffcc5f805f1b8ddf3f16f0132a7
CC(=O)OCC(C)C,-2.36,b56cb3d3ba5007db46c11d7fcc86bc78
CC(=O)OCC(COC(C)=O)OC(C)=O,-8.84,3357494c8477835799ea32300418ab67
CC(=O)OCCC(C)C,-2.21,c4a271fff109309e7f31bc6df27c4553
CC(=O)OCCOC(C)=O,-6.34,78347c128b616c621a07a19d752e4319
CC(=O)Oc1ccccc1C(=O)O,-9.94,b5c7c83ad619fb714b9b86891b4234ee
CC(=O)c1ccc(C)cc1,-4.7,65ca9332c51bb580e791aea13d0da4d7
CC(=O)c1ccccc1,-4.58,a95dd18a873671a30a757f426a8fa77a
CC(=O)c1cccnc1,-8.26,a95dd18a873671a30a757f426a8fa77a
CC(=O)c1ccncc1,-7.62,a95dd18a873671a30a757f426a8fa77a
CC(C)(C)Br,0.84,c502b67eb6d91d909ba398fa39bec60c
CC(C)(C)C,2.51,c502b67eb6d91d909ba398fa39bec60c
CC(C)(C)Cl,1.09,c502b67eb6d91d909ba398fa39bec60c
CC(C)(C)O,-4.47,c502b67eb6d91d909ba398fa39bec60c
CC(C)(C)c1ccc(O)cc1,-5.91,0938026232869f8d86d285dfedcd5bec
CC(C)(C)c1ccccc1,-0.44,15ad41a87e70c94878714f696c339818
CC(C)=CCC/C(C)=C/CO,-4.45,464412d07de0f39db917ddfb494072ea
CC(C)=CCC/C(C)=C\CO,-4.78,464412d07de0f39db917ddfb494072ea
CC(C)=O,-3.8,cde6b48ed870286595c1455af7aff8bd
CC(C)Br,-0.48,cde6b48ed870286595c1455af7aff8bd
CC(C)C,2.3,cde6b48ed870286595c1455af7aff8bd
CC(C)C(=O)C(C)C,-2.74,4610fe08e559a127b886ce0d36703a33
CC(C)C(C)C,2.34,833c89e8aca800e5707fb47ea63f9088
CC(C)C(C)C(C)C,2.56,4610fe08e559a127b886ce0d36703a33
CC(C)C=O,-2.86,7e799239f8573f120a2c5e15cda2e88f
CC(C)CBr,-0.03,7e799239f8573f120a2c5e15cda2e88f
CC(C)CC(=O)O,-6.09,af7ff602e385e2b324d14d3396a2867f
CC(C)CC(C)(C)C,2.89,b83979e5c978a4e4bd6805d3a04545ef
CC(C)CC(C)C,2.83,af7ff602e385e2b324d14d3396a2867f
CC(C)CCC(C)(C)C,2.93,ccf26f8b74c89a38aab789f33e9addd0
CC(C)CCO,-4.42,f619afa25c1921f996d128a1dfefef72
CC(C)CCOC=O,-2.13,ebab7e6f2fee3938288afdd9c22c7514
CC(C)CO,-4.5,7e799239f8573f120a2c5e15cda2e88f
CC(C)COC(=O)C(C)C,-1.69,1467f39e5cf35ddc8dc0e8c5ce193cb6
CC(C)COC=O,-2.22,71e5bb03712e194188f8d50f4c05cdf8
CC(C)CO[N+](=O)[O-],-1.88,b56cb3d3ba5007db46c11d7fcc86bc78
CC(C)C[C@@H](C)O,-3.73,af7ff602e385e2b324d14d3396a2867f
CC(C)Cc1ccc([C@H](C)C(=O)O)cc1,-7.0,fbd86b3a442cc59d893e625f054fc7f4
CC(C)Cc1ccccc1,0.16,023f61083f4328fb83a5e18432765d00
CC(C)Cc1cnccn1,-5.04,023f61083f4328fb83a5e18432765d00
CC(C)Cl,-0.25,cde6b48ed870286595c1455af7aff8bd
CC(C)I,-0.46,cde6b48ed870286595c1455af7aff8bd
CC(C)NC(C)C,-3.22,af7ff602e385e2b324d14d3396a2867f
CC(C)O,-4.74,cde6b48ed870286595c1455af7aff8bd
CC(C)OC(C)C,-0.53,af7ff602e385e2b324d14d3396a2867f
CC(C)OC=O,-2.02,f619afa25c1921f996d128a1dfefef72
CC(C)SC(C)C,-1.21,af7ff602e385e2b324d14d3396a2867f
CC(C)[C@@H]1CC[C@@H](C)CC1=O,-2.53,4079dd52f8be1a9b3eea3e86cd8c1f9e
CC(C)[C@@H]1CC[C@@H](C)C[C@H]1O,-3.2,4079dd52f8be1a9b3eea3e86cd8c1f9e
CC(C)[N+](=O)[O-],-3.13,833c89e8aca800e5707fb47ea63f9088
CC(C)c1ccccc1,-0.3,a95dd18a873671a30a757f426a8fa77a
CC(Cl)(Cl)Cl,-0.19,c502b67eb6d91d909ba398fa39bec60c
CC(Cl)Cl,-0.84,cde6b48ed870286595c1455af7aff8bd
CC(F)F,-0.11,cde6b48ed870286595c1455af7aff8bd
CC(N)=O,-9.71,cde6b48ed870286595c1455af7aff8bd
CC1=CC(=O)CC(C)(C)C1,-5.18,0841d75c9c6b7cb683968311a54d6ead
CC1=CC(=O)[C@H](C(C)C)CC1,-4.51,4079dd52f8be1a9b3eea3e86cd8c1f9e
CC1=CCCCC1,0.67,199bc20adfdca6d6b6a06391ec8e4ac2
CC1CCC(C)CC1,2.11,e396601f6c53c7d8fc72e0c242851c62
CC1CCCC1,1.59,8e4b273e62e3bdbcb042f56fe9c0bd31
CC1CCCCC1,1.7,199bc20adfdca6d6b6a06391ec8e4ac2
CC=C(C)C,1.31,7e799239f8573f120a2c5e15cda2e88f
CC=O,-3.5,5144181ac27497fdfa9bdb5b8b799630
CCBr,-0.74,5144181ac27497fdfa9bdb5b8b799630
CCC,2.0,5144181ac27497fdfa9bdb5b8b799630
CCC#N,-3.84,69144809aea48cb46eae9c3950f24a15
CCC(=O)CC,-3.41,86f7cf811774c9dc1f8ac7ebefafd51c
CCC(=O)Nc1ccc(Cl)c(Cl)c1,-7.78,332509a289c0a33c73048c1bbafd253d
CCC(=O)O,-6.46,7e799239f8573f120a2c5e15cda2e88f
CCC(=O)OC,-2.93,86f7cf811774c9dc1f8ac7ebefafd51c
CCC(C)(C)C,2.51,aaa0b19e64bf3c35281517d1fd2e9593
CCC(C)(C)CC,2.56,ada4be0df4d7d600d6729eb4a621f99a
CCC(C)(C)O,-4.43,aaa0b19e64bf3c35281517d1fd2e9593
CCC(C)C,2.38,7e799239f8573f120a2c5e15cda2e88f
CCC(C)CC,2.51,86f7cf811774c9dc1f8ac7ebefafd51c
CCC(N)=O,-9.4,7e799239f8573f120a2c5e15cda2e88f
CCC(O)CC,-4.35,86f7cf811774c9dc1f8ac7ebefafd51c
CCC/C=C/C=O,-3.68,bd4d5e09460e489b3a7687d2fb06fc0c
CCC=O,-3.43,69144809aea48cb46eae9c3950f24a15
CCCBr,-0.56,69144809aea48cb46eae9c3950f24a15
CCCC,2.1,69144809aea48cb46eae9c3950f24a15
CCCC#N,-3.64,5a8eac0760a558d4174437be478ec0aa
CCCC(=O)CCC,-2.92,d0b1e042c9dd64acbc37de926fe39063
CCCC(=O)O,-6.35,f619afa25c1921f996d128a1dfefef72
CCCC(=O)OC,-2.83,155388a51f67e78b5cb4ef00a89a070e
CCCC(=O)OCC,-2.49,d0b1e042c9dd64acbc37de926fe39063
CCCC(C)(C)C,2.88,1f4bbfe7446d68943a04b00ebacd5a62
CCCC(C)(C)O,-3.92,1f4bbfe7446d68943a04b00ebacd5a62
CCCC(C)=O,-3.52,f619afa25c1921f996d128a1dfefef72
CCCC(C)C,2.51,f619afa25c1921f996d128a1dfefef72
CCCC1CCCC1,2.13,b26977172433627efeffc1ad87824f0f
CCCC=O,-3.18,5a8eac0760a558d4174437be478ec0aa
CCCCBr,-0.4,5a8eac0760a558d4174437be478ec0aa
CCCCC,2.3,5a8eac0760a558d4174437be478ec0aa
CCCCC#N,-3.52,50803b752054f0512687e537ee7368f9
CCCCC(=O)CCCC,-2.64,b5d31547332077f719420bef3fcbd8c6
CCCCC(=O)O,-6.16,71e5bb03712e194188f8d50f4c05cdf8
CCCCC(=O)OC,-2.56,e1349747c18d9855ba9cdb574ac00adc
CCCCC(=O)OCC,-2.49,47156d2004c0e071ee2e10f1613b2f71
CCCCC(C)=O,-3.28,71e5bb03712e194188f8d50f4c05cdf8
CCCCC(C)C,2.93,71e5bb03712e194188f8d50f4c05cdf8
CCCCC/C=C/C=O,-3.43,44003dd512e49164eb3c5d08bf21eb36
CCCCC=O,-3.03,50803b752054f0512687e537ee7368f9
CCCCCBr,-0.1,50803b752054f0512687e537ee7368f9
CCCCCC,2.48,50803b752054f0512687e537ee7368f9
CCCCCC(=O)O,-6.21,ebab7e6f2fee3938288afdd9c22c7514
CCCCCC(=O)OC,-2.49,e0686f2bdd1b5066f9bc4ad94630b16b
CCCCCC(=O)OCC,-2.23,a400d3da643a6ce70d5758598f82f251
CCCCCC(C)=O,-3.04,ebab7e6f2fee3938288afdd9c22c7514
CCCCCC(N)=O,-9.31,ebab7e6f2fee3938288afdd9c22c7514
CCCCCC1CCCC1,2.55,222c9d818b46e1acd3b203944991f891
CCCCCC=O,-2.81,bd4d5e09460e489b3a7687d2fb06fc0c
CCCCCCBr,0.18,bd4d5e09460e489b3a7687d2fb06fc0c
CCCCCCC,2.67,bd4d5e09460e489b3a7687d2fb06fc0c
CCCCCCC(C)=O,-2.88,187ebadd19b16fcd271a422da011396d
CCCCCCC=O,-2.67,653d67ad3d369bf2cd63d0027cde92ec
CCCCCCCBr,0.34,653d67ad3d369bf2cd63d0027cde92ec
CCCCCCCC,2.88,653d67ad3d369bf2cd63d0027cde92ec
CCCCCCCC(=O)OC,-2.04,cfd0ed45a418a60a41de202a2c3ccbc7
CCCCCCCC(C)=O,-2.49,bd046b0fe8ad11c8cc97ed601cdd527f
CCCCCCCC=O,-2.29,44003dd512e49164eb3c5d08bf21eb36
CCCCCCCCBr,0.52,44003dd512e49164eb3c5d08bf21eb36
CCCCCCCCC,3.13,44003dd512e49164eb3c5d08bf21eb36
CCCCCCCCC(C)=O,-2.34,02bb56b2d1d5cfa9f66a24bf8ba4eceb
CCCCCCCCC=O,-2.07,dc09eb5accc563a82d933e0dde59da6e
CCCCCCCCCC,3.16,dc09eb5accc563a82d933e0dde59da6e
CCCCCCCCCC(C)=O,-2.15,86d6c149457b2c4873bb7079e7a0bbb6
CCCCCCCCCCO,-3.64,eac746408de2dfc79940e1d9fa12da5e
CCCCCCCCCO,-3.88,dc09eb5accc563a82d933e0dde59da6e
CCCCCCCCN,-3.65,44003dd512e49164eb3c5d08bf21eb36
CCCCCCCCO,-4.09,44003dd512e49164eb3c5d08bf21eb36
CCCCCCCCl,0.29,653d67ad3d369bf2cd63d0027cde92ec
CCCCCCCI,0.27,653d67ad3d369bf2cd63d0027cde92ec
CCCCCCCN,-3.79,653d67ad3d369bf2cd63d0027cde92ec
CCCCCCCO,-4.21,653d67ad3d369bf2cd63d0027cde92ec
CCCCCCCl,0.0,bd4d5e09460e489b3a7687d2fb06fc0c
CCCCCCI,0.08,bd4d5e09460e489b3a7687d2fb06fc0c
CCCCCCN,-3.95,bd4d5e09460e489b3a7687d2fb06fc0c
CCCCCCO,-4.4,bd4d5e09460e489b3a7687d2fb06fc0c
CCCCCCOC(C)=O,-2.26,bd046b0fe8ad11c8cc97ed601cdd527f
CCCCCCO[N+](=O)[O-],-1.66,bd046b0fe8ad11c8cc97ed601cdd527f
CCCCCCc1ccccc1,-0.04,ce95c4e85c79173fa9ac2a3f9b7757f1
CCCCCCl,-0.1,50803b752054f0512687e537ee7368f9
CCCCCI,-0.14,50803b752054f0512687e537ee7368f9
CCCCCN,-4.09,50803b752054f0512687e537ee7368f9
CCCCCO,-4.57,50803b752054f0512687e537ee7368f9
CCCCCOC(=O)CC,-2.11,57efe24c261a95c47d84258d60b16155
CCCCCOC(C)=O,-2.51,187ebadd19b16fcd271a422da011396d
CCCCC[N+](=O)[O-],-2.82,ebab7e6f2fee3938288afdd9c22c7514
CCCCCc1ccccc1,-0.23,074dc7a2a84dcfff38e13d623b887396
CCCCCl,-0.16,5a8eac0760a558d4174437be478ec0aa
CCCCI,-0.25,5a8eac0760a558d4174437be478ec0aa
CCCCN,-4.24,5a8eac0760a558d4174437be478ec0aa
CCCCN(CC)C(=O)SCCC,-3.64,6ce38bbad694821142307623ebb86cb8
CCCCN(CC)c1c([N+](=O)[O-])cc(C(F)(F)F)cc1[N+](=O)[O-],-3.51,1524d44bfdc3d1f9bdac9ec42260ab26
CCCCNCCCC,-3.24,44003dd512e49164eb3c5d08bf21eb36
CCCCO,-4.72,5a8eac0760a558d4174437be478ec0aa
CCCCOC(=O)c1ccc(O)cc1,-8.72,568992339c0dae27fcd509de10722844
CCCCOC(C)=O,-2.64,ebab7e6f2fee3938288afdd9c22c7514
CCCCOCCCC,-0.83,44003dd512e49164eb3c5d08bf21eb36
CCCCOCCO,-6.25,653d67ad3d369bf2cd63d0027cde92ec
CCCCOC[C@H](C)O,-5.73,187ebadd19b16fcd271a422da011396d
CCCCO[N+](=O)[O-],-2.09,ebab7e6f2fee3938288afdd9c22c7514
CCCCS,-0.99,5a8eac0760a558d4174437be478ec0aa
CCCC[C@@H](C)CC,2.97,e1349747c18d9855ba9cdb574ac00adc
CCCC[N+](=O)[O-],-3.09,71e5bb03712e194188f8d50f4c05cdf8
CCCCc1ccccc1,-0.4,949642de8ee5e7ad5475d2650121814b
CCCCl,-0.33,69144809aea48cb46eae9c3950f24a15
CCCI,-0.53,69144809aea48cb46eae9c3950f24a15
CCCN,-4.39,69144809aea48cb46eae9c3950f24a15
CCCN(CC1CC1)c1c([N+](=O)[O-])cc(C(F)(F)F)cc1[N+](=O)[O-],-2.45,673cd78572f11f3fd4ddda9af5c92f69
CCCN(CCC)c1c([N+](=O)[O-])cc(C(F)(F)F)cc1[N+](=O)[O-],-3.25,48b44800c617dd43b900e8efed77495e
CCCN(CCC)c1c([N+](=O)[O-])cc(S(C)(=O)=O)cc1[N+](=O)[O-],-7.98,48b44800c617dd43b900e8efed77495e
CCCNCCC,-3.65,bd4d5e09460e489b3a7687d2fb06fc0c
CCCO,-4.85,69144809aea48cb46eae9c3950f24a15
CCCOC,-1.66,5a8eac0760a558d4174437be478ec0aa
CCCOC(=O)CC,-2.44,e1349747c18d9855ba9cdb574ac00adc
CCCOC(=O)CCC,-2.28,47156d2004c0e071ee2e10f1613b2f71
CCCOC(=O)c1ccc(O)cc1,-9.37,d57219f98809c0780d93b8db19f788a1
CCCOC(C)=O,-2.79,71e5bb03712e194188f8d50f4c05cdf8
CCCOC=O,-2.48,50803b752054f0512687e537ee7368f9
CCCOCCC,-1.16,bd4d5e09460e489b3a7687d2fb06fc0c
CCCOCCO,-6.4,bd4d5e09460e489b3a7687d2fb06fc0c
CCCS,-1.1,69144809aea48cb46eae9c3950f24a15
CCCSC(=O)N(CCC)CCC,-4.13,bc1defc8c164b348b2778b2694ea9a6f
CCCSCCC,-1.28,bd4d5e09460e489b3a7687d2fb06fc0c
CCC[C@@H](C)O,-4.39,f619afa25c1921f996d128a1dfefef72
CCC[C@@H](O)CC,-4.06,155388a51f67e78b5cb4ef00a89a070e
CCC[C@H](C)CC,2.71,155388a51f67e78b5cb4ef00a89a070e
CCC[N+](=O)[O-],-3.34,f619afa25c1921f996d128a1dfefef72
CCCc1ccc(O)c(OC)c1,-5.26,28cd5ed2aa7dce37b2a26c612a51f7cf
CCCc1ccc(O)cc1,-5.21,a40c302e018558fba3f5d3335729d3ba
CCCc1ccccc1,-0.53,95afacefd1d05ffe5f924c1452decfea
CCCl,-0.63,5144181ac27497fdfa9bdb5b8b799630
CCI,-0.74,5144181ac27497fdfa9bdb5b8b799630
CCN,-4.5,5144181ac27497fdfa9bdb5b8b799630
CCN(CC)CC,-3.22,61f645001e86ad8a32357cc828ae33cb
CCN(CC)c1c([N+](=O)[O-])cc(C(F)(F)F)c(N)c1[N+](=O)[O-],-5.66,399be0b34e691be5c5526db05120e8d7
CCNCC,-4.07,5a8eac0760a558d4174437be478ec0aa
CCNc1nc(Cl)nc(NCC)n1,-10.22,6a8730e2d3fe8304793e6c12b9d7af1e
CCNc1nc(NC(C)(C)C)nc(SC)n1,-6.68,97f3bb4b8eaace5cc8c3c71410a2fd54
CCNc1nc(NC(C)C)nc(SC)n1,-7.65,2e771147ded63eea99190f2182f69ef8
CCO,-5.0,5144181ac27497fdfa9bdb5b8b799630
CCOC,-2.1,69144809aea48cb46eae9c3950f24a15
CCOC(=O)CC,-2.68,155388a51f67e78b5cb4ef00a89a070e
CCOC(=O)CC(=O)OCC,-6.0,76e2be2a9a8d0a921771fad5861139c9
CCOC(=O)CCC(=O)OCC,-5.71,48ac0b7e0bbc1044713ab81feb1a26cb
CCOC(=O)C[C@@H](SP(=S)(OC)OC)C(=O)OCC,-8.15,821b1e9eee9c184d1fd1c16f6beb856c
CCOC(=O)c1ccc(O)cc1,-9.2,8ff2357579c5b662ecb689e17e6cc917
CCOC(=O)c1ccccc1,-3.64,e94b3afcee13e1fe964c359215c2215d
CCOC(C)=O,-2.94,f619afa25c1921f996d128a1dfefef72
CCOC(C)OCC,-3.28,d0b1e042c9dd64acbc37de926fe39063
CCOC(OCC)Oc1ccccc1,-5.23,5f6b0f60adec566d1b467b0dbc98ca76
CCOC=O,-2.56,5a8eac0760a558d4174437be478ec0aa
CCOCC,-1.59,5a8eac0760a558d4174437be478ec0aa
CCOCCO,-6.69,50803b752054f0512687e537ee7368f9
CCOCCOC(C)=O,-5.31,187ebadd19b16fcd271a422da011396d
CCOCCOCC,-3.54,653d67ad3d369bf2cd63d0027cde92ec
CCOP(=O)(OCC)O/C(=C/Cl)c1ccc(Cl)cc1Cl,-7.07,7e73247c7b63bee0ab7405270f1fe6ea
CCOP(=O)(OCC)OCC,-7.5,2c128aff7fd6dbf54db9cb33ae4471d2
CCOP(=S)(OCC)Oc1cc(C)nc(C(C)C)n1,-6.48,b673aa11fb79f508eb53223d3d3873a3
CCOP(=S)(OCC)Oc1ccc([N+](=O)[O-])cc1,-6.74,62158ed5821100b6b5daa08be5b3da87
CCOP(=S)(OCC)Oc1nc(Cl)c(Cl)cc1Cl,-5.04,f9b0d7fe1fbe8ae0c579f8d70ee2ac74
CCOP(=S)(OCC)SCSCC,-4.37,eba37702a464a8fc1d9bc55b543eed03
CCOP(=S)(OCC)SCSP(=S)(OCC)OCC,-6.1,4fb774d95167da7e21deb2400f2e105a
CCOP(=S)(OCC)SCSc1ccc(Cl)cc1,-6.5,77308e1138efafe79eb33873bdb66344
CCOP(=S)(OCC)S[C@@H](CCl)N1C(=O)c2ccccc2C1=O,-5.74,52f0dccb74840039872e16a8f25d60da
CCOc1ccccc1,-2.22,95afacefd1d05ffe5f924c1452decfea
CCS,-1.14,5144181ac27497fdfa9bdb5b8b799630
CCSC,-1.5,69144809aea48cb46eae9c3950f24a15
CCSCC,-1.46,5a8eac0760a558d4174437be478ec0aa
CCSSCC,-1.64,50803b752054f0512687e537ee7368f9
CC[C@@H](C)C(C)C,2.52,fa1aa02644db6485d126884facd8fbe5
CC[C@@H](C)CO,-4.42,86f7cf811774c9dc1f8ac7ebefafd51c
CC[C@@H](C)c1cc([N+](=O)[O-])cc([N+](=O)[O-])c1O,-6.23,314cdc5e5117a868d637cf5dffcc1fc6
CC[C@@H](O)C(C)C,-3.88,fa1aa02644db6485d126884facd8fbe5
CC[C@H](C)Cl,0.0,7e799239f8573f120a2c5e15cda2e88f
CC[C@H](C)O,-4.62,7e799239f8573f120a2c5e15cda2e88f
CC[C@H](C)O[N+](=O)[O-],-1.82,2e7001dcd306499fb6e11ddc4eac9068
CC[C@H](C)c1ccccc1,-0.45,f9381bcd9660ce166865d0250259b723
CC[C@H](C)n1c(=O)[nH]c(C)c(Br)c1=O,-9.73,d287c169d29f9251f4382d227dc61b6c
CC[N+](=O)[O-],-3.71,7e799239f8573f120a2c5e15cda2e88f
CCc1ccc(C)cc1,-0.95,6cfd499277502d6e85a2cad6ec018ed8
CCc1ccc(O)cc1,-6.13,6cfd499277502d6e85a2cad6ec018ed8
CCc1cccc(CC)c1N(COC)C(=O)CCl,-8.21,0c4de0951c17c205222b104dae984997
CCc1cccc(O)c1,-6.25,006a6b3bb7f441a393d4e8c64600f53a
CCc1cccc2ccccc12,-2.4,9fa03c329f2de4a301973c54f4a65aea
CCc1ccccc1,-0.79,b7ed9101b4ca2813c31d35330d0fcb01
CCc1ccccc1C,-0.85,2d27033b0e2b3a3bd875d21ae028b192
CCc1ccccc1O,-5.66,2d27033b0e2b3a3bd875d21ae028b192
CCc1ccccn1,-4.33,b7ed9101b4ca2813c31d35330d0fcb01
CCc1cccnc1,-4.59,b7ed9101b4ca2813c31d35330d0fcb01
CCc1ccncc1,-4.73,b7ed9101b4ca2813c31d35330d0fcb01
CCc1cnccn1,-5.45,b7ed9101b4ca2813c31d35330d0fcb01
CCl,-0.55,3ba4ffe16dfe637510ed1c3676ec6cb0
CF,-0.22,3ba4ffe16dfe637510ed1c3676ec6cb0
CI,-0.89,3ba4ffe16dfe637510ed1c3676ec6cb0
CN,-4.55,3ba4ffe16dfe637510ed1c3676ec6cb0
CN(C)C,-3.2,cde6b48ed870286595c1455af7aff8bd
CN(C)C(=O)Nc1ccccc1,-9.13,5fb3deccac1447da45db9615d344de35
CN(C)C(=O)c1ccc([N+](=O)[O-])cc1,-11.95,e8c6cb57246453763ceaed874ddadbe5
CN(C)C(=O)c1ccccc1,-9.29,6ebcabe169082f26957143322ae6d699
CN(C)C=O,-7.81,7e799239f8573f120a2c5e15cda2e88f
CN(C)CCC=C1c2ccccc2CCc2ccccc21,-7.43,4d37c48d1e9a45fec7bf1ef46c403c4c
CN(C)CCOC(c1ccccc1)c1ccccc1,-9.34,e64e0c76e7bbed20178e6f433d2583b5
CN(C)c1ccccc1,-3.45,a95dd18a873671a30a757f426a8fa77a
CN(CC(F)(F)F)c1ccccc1,-1.92,a57deb850aa25125983d91fcf62cb38a
CN1CCCCC1,-3.88,199bc20adfdca6d6b6a06391ec8e4ac2
CN1CCN(C)CC1,-7.58,e396601f6c53c7d8fc72e0c242851c62
CN1CCNCC1,-7.77,199bc20adfdca6d6b6a06391ec8e4ac2
CN1CCOCC1,-6.32,199bc20adfdca6d6b6a06391ec8e4ac2
CNC,-4.29,5144181ac27497fdfa9bdb5b8b799630
CNC(=O)O/N=C\C(C)(C)SC,-9.84,d6beb1e2ded48db7821b01766a4a02e4
CNC(=O)Oc1cccc2c1OC(C)(C)C2,-9.61,09410380b74136c3b10a8753c8bf4739
CNC(=O)Oc1cccc2ccccc12,-9.45,4e40e3571c13aa32f34b3810ad5d993b
CNC(C)=O,-10.0,7e799239f8573f120a2c5e15cda2e88f
CNc1ccccc1,-4.69,b7ed9101b4ca2813c31d35330d0fcb01
CO,-5.1,3ba4ffe16dfe637510ed1c3676ec6cb0
COC,-1.91,5144181ac27497fdfa9bdb5b8b799630
COC(=O)C(C)(C)C,-2.4,2e78ca50b6ce3416d08af34ccc717635
COC(=O)C(F)(F)F,-1.1,2e78ca50b6ce3416d08af34ccc717635
COC(=O)C1CC1,-4.1,a90bff6c3a417e74e2fa1e262b24b3f8
COC(=O)C1CCCCC1,-3.3,f9381bcd9660ce166865d0250259b723
COC(=O)CC#N,-6.72,155388a51f67e78b5cb4ef00a89a070e
COC(=O)CCl,-4.0,86f7cf811774c9dc1f8ac7ebefafd51c
COC(=O)c1ccc(O)cc1,-9.51,b9f6bfddc98c960759eccece9330c9e1
COC(=O)c1ccc(OC)cc1,-5.33,e026928bc867dfc0fd08bc0e2c40e096
COC(=O)c1ccc([N+](=O)[O-])cc1,-6.88,fbcd5da06170d472f6794e510c7c6589
COC(=O)c1ccccc1,-3.92,f9381bcd9660ce166865d0250259b723
COC(C)(C)C,-2.21,aaa0b19e64bf3c35281517d1fd2e9593
COC(C)(OC)OC,-4.42,2fce5c033589d2dfe24fa67dc6885386
COC(C)=O,-3.13,7e799239f8573f120a2c5e15cda2e88f
COC(C)C,-2.01,7e799239f8573f120a2c5e15cda2e88f
COC(CC#N)(OC)OC,-6.4,79e2a46d5b7cc6aa3366fa77e8eb3c21
COC(CCl)(OC)OC,-4.59,ff24f9310d003cd7b7894b2d6ec79a03
COC(F)(F)C(Cl)Cl,-1.12,d8b8b69c1cbb3bc7aa2f208ce312a5cb
COC(OC)(OC)C(F)(F)F,-0.8,98ea6acd1aca935c7466ec6c1a77ef5c
COC(OC)(OC)c1ccccc1,-4.04,9cf100d1839fecb97d1cc57ef1c15747
COC(OC)OC,-4.42,61f645001e86ad8a32357cc828ae33cb
COC=O,-2.78,69144809aea48cb46eae9c3950f24a15
COCC(OC)(OC)OC,-5.73,79e2a46d5b7cc6aa3366fa77e8eb3c21
COCCN,-6.55,5a8eac0760a558d4174437be478ec0aa
COCCO,-6.619999999999999,5a8eac0760a558d4174437be478ec0aa
COCCOC,-4.84,50803b752054f0512687e537ee7368f9
COCOC,-2.93,5a8eac0760a558d4174437be478ec0aa
COP(=O)(OC)OC,-8.7,2fce5c033589d2dfe24fa67dc6885386
COP(=O)(OC)[C@@H](O)C(Cl)(Cl)Cl,-12.74,a3a57ba88ffddacf8ca47706bf653180
COP(=S)(OC)Oc1ccc([N+](=O)[O-])cc1,-7.19,a33a2be3d19201fc8eff62e72864afc2
COP(=S)(OC)SCn1nnc2ccccc2c1=O,-10.03,9882badbef4dc0a29d68513a2908fa51
COS(=O)(=O)OC,-5.1,ada4be0df4d7d600d6729eb4a621f99a
COS(C)(=O)=O,-4.87,aaa0b19e64bf3c35281517d1fd2e9593
COc1c(Cl)cc(Cl)c(OC)c1O,-6.44,a8842140c4da6ac2e2c65c83385d33d5
COc1c(Cl)ccc(Cl)c1C(=O)O,-9.86,2fe5a1a6e17f1df9b5922c20276152ec
COc1c(O)c(OC)c(Cl)c(C=O)c1Cl,-8.68,fc940c00173a63f877955823591bef40
COc1cc(C)ccc1O,-5.8,37b8b85d4a52784234c507beb4cd6716
COc1cc(C=O)c(Cl)c(OC)c1O,-7.78,33e67965fc0d6bf70238dbf05f23e628
COc1ccc(C(=O)N(C)C)cc1,-11.01,a8d0114b7f70b2f39a4f0486926a053c
COc1ccc(C(C)=O)cc1,-4.4,bb062e0bc45e4e6ed664d01bbaef9c5c
COc1ccc(N)cc1,-7.48,6cfd499277502d6e85a2cad6ec018ed8
COc1ccc2cc([C@H](C)C(=O)O)ccc2c1,-10.21,eafb63cc03848e7f16353db15c9f1b31
COc1cccc(N)c1,-7.29,006a6b3bb7f441a393d4e8c64600f53a
COc1cccc(O)c1,-7.66,006a6b3bb7f441a393d4e8c64600f53a
COc1cccc(OC)c1O,-6.96,2dd10740bc330631bba1ca202977a7c5
COc1ccccc1,-2.45,b7ed9101b4ca2813c31d35330d0fcb01
COc1ccccc1N,-6.12,2d27033b0e2b3a3bd875d21ae028b192
COc1ccccc1O,-5.94,2d27033b0e2b3a3bd875d21ae028b192
COc1ccccc1OC,-5.33,7fbf61ffa47f199b4de407a2a49d3fbd
CS,-1.2,3ba4ffe16dfe637510ed1c3676ec6cb0
CS(=O)(=O)Cl,-4.87,c502b67eb6d91d909ba398fa39bec60c
CS(C)(=O)=O,-10.08,c502b67eb6d91d909ba398fa39bec60c
CS(C)=O,-9.28,cde6b48ed870286595c1455af7aff8bd
CSC,-1.61,5144181ac27497fdfa9bdb5b8b799630
CSSC,-1.83,69144809aea48cb46eae9c3950f24a15
CSc1ccccc1,-2.73,b7ed9101b4ca2813c31d35330d0fcb01
C[C@@H](CCO[N+](=O)[O-])O[N+](=O)[O-],-4.29,4e77600ae76ab83a0c670e1037f2f737
C[C@@H](CO[N+](=O)[O-])O[N+](=O)[O-],-4.95,08a982bf8c8863959ed6826198d03446
C[C@@H](O)C(F)(F)F,-4.2,f848d40cbfa43815a8aa73d15a4c0574
C[C@@H]1CCCC[C@@H]1C,1.58,eff0807335aaee6290e89d2ebae38828
C[C@H](C(=O)O)c1ccc(-c2ccccc2)c(F)c1,-8.42,a9c0352b5ef477617732d59e132d60c6
C[C@H](C(=O)O)c1cccc(C(=O)c2ccccc2)c1,-10.78,bd00a629e44a0af763cb12b6bc83ba34
C[C@H](Cl)CCl,-1.27,7e799239f8573f120a2c5e15cda2e88f
C[C@H](O)C(F)(F)F,-4.16,f848d40cbfa43815a8aa73d15a4c0574
C[C@H]1CCCO1,-3.3,8e4b273e62e3bdbcb042f56fe9c0bd31
C[C@H]1CC[C@H](C)O1,-2.92,3670c7801b6cdd8a09a5039cdc5a60e0
C[N+](=O)[O-],-4.02,cde6b48ed870286595c1455af7aff8bd
Cc1[nH]c(=O)n(C(C)(C)C)c(=O)c1Cl,-11.14,a702954130891a1ed29c3f5a47d452bb
Cc1c[nH]c2ccccc12,-5.88,0c65ca3bca12d81fcba0788e68dbf204
Cc1c[nH]cn1,-10.27,8e4b273e62e3bdbcb042f56fe9c0bd31
Cc1cc(C)c2ccccc2c1,-2.47,267ed5bd881a5cd855f13010bc052dc8
Cc1cc(C)cc(C)c1,-0.9,e71a205c6700942a069db4f4388a4069
Cc1cc(C)cc(O)c1,-6.27,e71a205c6700942a069db4f4388a4069
Cc1cc(O)ccc1Cl,-6.79,e60ca187b2aa1b0a553cfc8d9bd214a9
Cc1cc2ccccc2cc1C,-2.78,c53496fe4e8c48c76d75fcc5d528a5e6
Cc1ccc(Br)cc1,-1.39,e396601f6c53c7d8fc72e0c242851c62
Cc1ccc(C(=O)N(C)C)cc1,-9.76,062dd2f615c3cad5798f15781bf22a6c
Cc1ccc(C(C)C)cc1,-0.68,65ca9332c51bb580e791aea13d0da4d7
Cc1ccc(C)c(C)c1,-0.86,e60ca187b2aa1b0a553cfc8d9bd214a9
Cc1ccc(C)c(O)c1,-5.91,e60ca187b2aa1b0a553cfc8d9bd214a9
Cc1ccc(C)c2ccccc12,-2.82,b1e3a83a4271710aa663e43191f37e0e
Cc1ccc(C)cc1,-0.8,e396601f6c53c7d8fc72e0c242851c62
Cc1ccc(C)nc1,-4.72,e396601f6c53c7d8fc72e0c242851c62
Cc1ccc(C=O)cc1,-4.27,6cfd499277502d6e85a2cad6ec018ed8
Cc1ccc(N)cc1,-5.57,e396601f6c53c7d8fc72e0c242851c62
Cc1ccc(O)c(C)c1,-6.01,e60ca187b2aa1b0a553cfc8d9bd214a9
Cc1ccc(O)cc1,-6.13,e396601f6c53c7d8fc72e0c242851c62
Cc1ccc(O)cc1C,-6.5,e60ca187b2aa1b0a553cfc8d9bd214a9
Cc1ccc2cc(C)ccc2c1,-2.63,e2a7697c2e33afb8a0ce9006cefa574a
Cc1cccc(C)c1,-0.83,668f90355fba57bcb4fb60386433c90f
Cc1cccc(C)c1C,-1.21,e4cdc6bcf94181f6f6aa6dc310dcdb0a
Cc1cccc(C)c1N,-5.21,e4cdc6bcf94181f6f6aa6dc310dcdb0a
Cc1cccc(C)c1O,-5.26,e4cdc6bcf94181f6f6aa6dc310dcdb0a
Cc1cccc(C)n1,-4.59,668f90355fba57bcb4fb60386433c90f
Cc1cccc(Nc2ccccc2C(=O)O)c1C,-6.78,dcb1d0dbd05f804420400e3b5c48ae1f
Cc1cccc(O)c1,-5.49,668f90355fba57bcb4fb60386433c90f
Cc1cccc(O)c1C,-6.16,e4cdc6bcf94181f6f6aa6dc310dcdb0a
Cc1cccc([N+](=O)[O-])c1,-3.45,c4adbc3db65838c3cdfd00f781770797
Cc1cccc2ccccc12,-2.44,f9e7199e472410d3d2519630916625b9
Cc1ccccc1,-0.9,199bc20adfdca6d6b6a06391ec8e4ac2
Cc1ccccc1C,-0.9,eff0807335aaee6290e89d2ebae38828
Cc1ccccc1C=O,-3.93,2d27033b0e2b3a3bd875d21ae028b192
Cc1ccccc1Cl,-1.14,eff0807335aaee6290e89d2ebae38828
Cc1ccccc1N,-5.53,eff0807335aaee6290e89d2ebae38828
Cc1ccccc1O,-5.9,eff0807335aaee6290e89d2ebae38828
Cc1ccccc1[N+](=O)[O-],-3.58,5df49823493265a811f2bd7691e4a406
Cc1ccccn1,-4.63,199bc20adfdca6d6b6a06391ec8e4ac2
Cc1cccnc1,-4.77,199bc20adfdca6d6b6a06391ec8e4ac2
Cc1cccnc1C,-4.82,eff0807335aaee6290e89d2ebae38828
Cc1cccs1,-1.38,8e4b273e62e3bdbcb042f56fe9c0bd31
Cc1ccnc(C)c1,-4.86,668f90355fba57bcb4fb60386433c90f
Cc1ccncc1,-4.93,199bc20adfdca6d6b6a06391ec8e4ac2
Cc1ccncc1C,-5.22,eff0807335aaee6290e89d2ebae38828
Cc1cncc(C)c1,-4.84,668f90355fba57bcb4fb60386433c90f
Cc1cnccn1,-5.51,199bc20adfdca6d6b6a06391ec8e4ac2
Cc1nc(N(C)C)nc(OC(=O)N(C)C)c1C,-9.41,482d6475468f445e3ee74418ce3045e8
Cl/C=C/Cl,-0.78,69144809aea48cb46eae9c3950f24a15
Cl/C=C\Cl,-1.17,69144809aea48cb46eae9c3950f24a15
ClC(Cl)(Cl)C(Cl)(Cl)Cl,-0.64,794ac3703ee6c9480d889a65e5127745
ClC(Cl)(Cl)Cl,0.08,c502b67eb6d91d909ba398fa39bec60c
ClC(Cl)=C(Cl)Cl,0.1,833c89e8aca800e5707fb47ea63f9088
ClC(Cl)C(Cl)(Cl)Cl,-1.23,f848d40cbfa43815a8aa73d15a4c0574
ClC(Cl)C(Cl)Cl,-2.37,833c89e8aca800e5707fb47ea63f9088
ClC(Cl)Cl,-1.08,cde6b48ed870286595c1455af7aff8bd
ClC1=C(Cl)[C@]2(Cl)[C@@H]3[C@@H](Cl)C=C[C@@H]3[C@@]1(Cl)C2(Cl)Cl,-2.55,cadcfa01386216c880db4edaceacd6c6
ClC1=C(Cl)[C@]2(Cl)[C@@H]3[C@@H]([C@H](Cl)C[C@@H]3Cl)[C@@]1(Cl)C2(Cl)Cl,-3.44,4dd4435c741b3f057a6c3576bec5405d
ClC1=C(Cl)[C@]2(Cl)[C@H]3[C@H]4C[C@H]([C@@H]5O[C@H]45)[C@H]3[C@@]1(Cl)C2(Cl)Cl,-4.82,e5491fe7e1821d71fde791b7085fe719
ClC=C(Cl)Cl,-0.44,7e799239f8573f120a2c5e15cda2e88f
ClCC(Cl)(Cl)Cl,-1.43,aaa0b19e64bf3c35281517d1fd2e9593
ClCC(Cl)Cl,-1.99,7e799239f8573f120a2c5e15cda2e88f
ClCCBr,-1.95,69144809aea48cb46eae9c3950f24a15
ClCCCCCl,-2.32,50803b752054f0512687e537ee7368f9
ClCCCCl,-1.89,5a8eac0760a558d4174437be478ec0aa
ClCCCl,-1.79,69144809aea48cb46eae9c3950f24a15
ClCCOCCCl,-4.23,bd4d5e09460e489b3a7687d2fb06fc0c
ClCCl,-1.31,5144181ac27497fdfa9bdb5b8b799630
ClCc1ccccc1,-1.93,b7ed9101b4ca2813c31d35330d0fcb01
Clc1c(Cl)c(Cl)c(-c2c(Cl)c(Cl)c(Cl)c(Cl)c2Cl)c(Cl)c1Cl,-2.98,1621e3572614dab51a905afa5ec65c4a
Clc1c(Cl)c(Cl)c(Cl)c(Cl)c1Cl,-2.33,81d9780b026c6719bae68a874d450d22
Clc1c(Cl)c(Cl)c2c(c1Cl)Oc1c(Cl)c(Cl)c(Cl)c(Cl)c1O2,-4.53,ea9d5238845ab26e48e5dd1d0388b051
Clc1c(Cl)c(Cl)c2c(c1Cl)Oc1ccccc1O2,-3.81,a9666b2b1a1a2aaa51a4e1762e72fd1a
Clc1cc(-c2c(Cl)cc(Cl)c(Cl)c2Cl)c(Cl)c(Cl)c1Cl,-4.61,19a50776c83756ea2b70e91b567dae84
Clc1cc(-c2cc(Cl)c(Cl)c(Cl)c2Cl)cc(Cl)c1Cl,-3.17,5658abc669f7e556b98e900700fe5400
Clc1cc(-c2ccccc2)c(Cl)c(Cl)c1Cl,-3.48,fa3236311ab6c460f6b86a8448268ab4
Clc1cc(Cl)c(-c2c(Cl)cccc2Cl)c(Cl)c1,-1.96,a28a456b7b6fe207547894077fecf9b1
Clc1cc(Cl)c(-c2ccccc2)c(Cl)c1,-2.16,2797c86194cb52cbabe3a2dd689f1c9c
Clc1cc(Cl)c(Cl)c(Cl)c1,-1.62,8acc42706a74183ee15125531f5e1c0f
Clc1cc(Cl)c(Cl)cc1Cl,-1.34,cce4a158a352e444b5ee1c2d8aa46b32
Clc1cc(Cl)c2c(c1Cl)Oc1ccccc1O2,-4.05,2855ea0786a74f7cadccb807ea133814
Clc1cc(Cl)cc(Cl)c1,-0.78,e71a205c6700942a069db4f4388a4069
Clc1cc2c(cc1Cl)Oc1c(Cl)c(Cl)c(Cl)c(Cl)c1O2,-3.71,aacbbddf61ae34588d0b4f074b80902b
Clc1cc2c(cc1Cl)Oc1cc(Cl)c(Cl)cc1O2,-3.37,cd1def7c0cb4b981050f2eda1b556b0c
Clc1cc2c(cc1Cl)Oc1ccccc1O2,-3.56,4acb11169d1208e354cf36ce55a4cfdf
Clc1ccc(-c2c(Cl)c(Cl)cc(Cl)c2Cl)cc1Cl,-4.38,1b16c297b74c88adacd0ae84109de3bc
Clc1ccc(-c2cc(Cl)c(Cl)c(Cl)c2Cl)c(Cl)c1Cl,-4.4,c64e2b043dc6c3e27b89fec15707fa35
Clc1ccc(-c2cc(Cl)c(Cl)c(Cl)c2Cl)cc1Cl,-3.04,94c8843372b5763d60efefbe7f6d234c
Clc1ccc(Cl)c(-c2cc(Cl)c(Cl)c(Cl)c2)c1,-3.61,b02cca5271316201bf39803fc6acec7f
Clc1ccc(Cl)c(-c2ccccc2)c1,-2.46,03a8ea18f7a423050697ae92ac18f092
Clc1ccc(Cl)c(Cl)c1,-1.12,e60ca187b2aa1b0a553cfc8d9bd214a9
Clc1ccc(Cl)c(Cl)c1Cl,-1.34,255cebe15b1ee4cc26a99295995b079c
Clc1ccc(Cl)cc1,-1.01,e396601f6c53c7d8fc72e0c242851c62
Clc1ccc2c(c1)Oc1c(Cl)c(Cl)c(Cl)c(Cl)c1O2,-4.15,29f14f10f1218195aa47f7b1f501c896
Clc1ccc2c(c1)Oc1cc(Cl)c(Cl)c(Cl)c1O2,-3.84,761201750b2e02e163a794c594cb676a
Clc1ccc2c(c1)Oc1ccc(Cl)cc1O2,-3.67,c92811c33be08b95576f2cb85df6e7c0
Clc1ccc2c(c1)Oc1ccccc1O2,-3.1,9b06e83a029f530c9350128e82b0d42b
Clc1cccc(Cl)c1,-0.98,668f90355fba57bcb4fb60386433c90f
Clc1cccc(Cl)c1-c1c(Cl)cccc1Cl,-2.28,708639873ec0ba41d9707a8a41d8efba
Clc1cccc(Cl)c1Cl,-1.24,e4cdc6bcf94181f6f6aa6dc310dcdb0a
Clc1cccc2c1Oc1ccccc1O2,-3.52,bc3482517c74b35ae9eda3a76ce9ab6b
Clc1ccccc1,-1.12,199bc20adfdca6d6b6a06391ec8e4ac2
Clc1ccccc1-c1ccccc1,-2.69,0b0430b95f6955c3a6612f4183a85915
Clc1ccccc1Cl,-1.36,eff0807335aaee6290e89d2ebae38828
Clc1ccccn1,-4.39,199bc20adfdca6d6b6a06391ec8e4ac2
Clc1cccnc1,-4.01,199bc20adfdca6d6b6a06391ec8e4ac2
Cn1c(=O)c2c(ncn2C)n(C)c1=O,-12.64,9d0831df317b09483f7fbdb75f49a427
Cn1cccc1,-2.89,8e4b273e62e3bdbcb042f56fe9c0bd31
Cn1ccnc1,-8.41,8e4b273e62e3bdbcb042f56fe9c0bd31
FC(F)(Cl)C(F)(Cl)Cl,1.77,794ac3703ee6c9480d889a65e5127745
FC(F)(F)Br,1.79,c502b67eb6d91d909ba398fa39bec60c
FC(F)(F)CCl,0.06,aaa0b19e64bf3c35281517d1fd2e9593
FC(F)(F)F,3.12,c502b67eb6d91d909ba398fa39bec60c
FC(F)(F)[C@H](Cl)Br,-0.11,f848d40cbfa43815a8aa73d15a4c0574
FC(F)(F)c1cccc(C(F)(F)F)c1,1.07,c06183da17a4f20a5afedbdf75a0bb19
FC(F)(F)c1ccccc1,-0.25,15ad41a87e70c94878714f696c339818
FC(F)(F)c1ccccc1C(F)(F)F,1.07,aa11187506a7c59eeb14c705459b7d54
FC(F)=C(F)C(F)(F)F,2.93,e88900ed7019a142b144e2072f00bcdb
FC(F)Cl,-0.5,cde6b48ed870286595c1455af7aff8bd
FC(F)O[C@H](Cl)C(F)(F)F,0.1,04caabe4b9a568ac58c543cca9a14814
FC(F)[C@@H](F)Oc1ccccc1,-1.29,5fb3deccac1447da45db9615d344de35
FC1(F)C(F)(F)C(F)(F)C1(F)F,3.43,94d14a422787efb42a63bee722ab60fe
FCCl,-0.77,5144181ac27497fdfa9bdb5b8b799630
F[C@H](Br)C(F)(F)F,0.5,f848d40cbfa43815a8aa73d15a4c0574
Fc1ccccc1,-0.8,199bc20adfdca6d6b6a06391ec8e4ac2
ICI,-2.49,5144181ac27497fdfa9bdb5b8b799630
Ic1ccccc1,-1.74,199bc20adfdca6d6b6a06391ec8e4ac2
N#Cc1c(Cl)cccc1Cl,-4.71,9ed9bd17231280a49ce5e81a46a5df76
N#Cc1ccc(O)cc1,-10.17,6cfd499277502d6e85a2cad6ec018ed8
N#Cc1cccc(O)c1,-9.65,006a6b3bb7f441a393d4e8c64600f53a
N#Cc1ccccc1,-4.1,b7ed9101b4ca2813c31d35330d0fcb01
N#Cc1cccnc1,-6.75,b7ed9101b4ca2813c31d35330d0fcb01
N#Cc1ccncc1,-6.02,b7ed9101b4ca2813c31d35330d0fcb01
NC(=O)c1ccccc1,-11.0,a95dd18a873671a30a757f426a8fa77a
NC1CCCCC1,-4.59,199bc20adfdca6d6b6a06391ec8e4ac2
NN,-9.3,3ba4ffe16dfe637510ed1c3676ec6cb0
Nc1ccc(Cl)cc1,-5.9,e396601f6c53c7d8fc72e0c242851c62
Nc1ccc(N)c2c1C(=O)c1ccccc1C2=O,-11.85,786bc769df3f2bdf587a93d8cbe93a8d
Nc1ccc(O)c2c1C(=O)c1ccccc1C2=O,-9.53,786bc769df3f2bdf587a93d8cbe93a8d
Nc1ccc([N+](=O)[O-])cc1,-9.82,65ca9332c51bb580e791aea13d0da4d7
Nc1ccc2c(c1)C(=O)c1ccccc1C2=O,-11.53,548900fe765549a94d418549cd305c93
Nc1ccc2ccccc2c1,-7.47,09865577bdf1c4ac24094347be042401
Nc1cccc(Cl)c1,-5.82,668f90355fba57bcb4fb60386433c90f
Nc1cccc([N+](=O)[O-])c1,-8.84,c4adbc3db65838c3cdfd00f781770797
Nc1cccc2c1C(=O)c1ccccc1C2=O,-9.44,422631ab843b704aad58431b95cc3423
Nc1cccc2ccccc12,-7.28,f9e7199e472410d3d2519630916625b9
Nc1ccccc1,-5.49,199bc20adfdca6d6b6a06391ec8e4ac2
Nc1ccccc1Cl,-4.91,eff0807335aaee6290e89d2ebae38828
Nc1ccccc1[N+](=O)[O-],-7.37,5df49823493265a811f2bd7691e4a406
Nc1cnn(-c2ccccc2)c(=O)c1Cl,-16.43,72156d69db1b26e09ec0a603248527b8
O=C(O)c1cc(-c2ccc(F)cc2F)ccc1O,-9.4,d6e779da3fae7b5b603a41cf4d422bdd
O=C1C=CC(=O)C=C1,-6.5,e396601f6c53c7d8fc72e0c242851c62
O=C1CCCC1,-4.7,8e4b273e62e3bdbcb042f56fe9c0bd31
O=C1CCCCC1,-4.91,199bc20adfdca6d6b6a06391ec8e4ac2
O=C1NC(=O)c2ccccc21,-9.61,8ba4d8bcba4f2b2fea516d5e4f72cf8f
O=C1[C@@H]2CC=CC[C@H]2C(=O)N1SC(Cl)(Cl)Cl,-9.01,c36823822ff8e4f030d8771b8b14bbec
O=C1c2ccccc2C(=O)c2c(NCCO)cccc21,-14.21,d948ca3aae5d3aff0c4ce551e26432e5
O=COc1ccccc1,-3.82,95afacefd1d05ffe5f924c1452decfea
O=Cc1ccc(O)cc1,-8.83,6cfd499277502d6e85a2cad6ec018ed8
O=Cc1cccc(O)c1,-9.52,006a6b3bb7f441a393d4e8c64600f53a
O=Cc1ccccc1,-4.02,b7ed9101b4ca2813c31d35330d0fcb01
O=Cc1ccccc1O,-4.68,2d27033b0e2b3a3bd875d21ae028b192
O=Cc1cccnc1,-7.1,b7ed9101b4ca2813c31d35330d0fcb01
O=Cc1ccncc1,-7.0,b7ed9101b4ca2813c31d35330d0fcb01
O=S1OC[C@@H]2[C@H](CO1)[C@]1(Cl)C(Cl)=C(Cl)[C@@]2(Cl)C1(Cl)Cl,-4.23,24a4422299e377954b5747f460ba3aac
O=[N+]([O-])C(Cl)(Cl)Cl,-1.45,f848d40cbfa43815a8aa73d15a4c0574
O=[N+]([O-])OCCCO[N+](=O)[O-],-4.8,98fdaa07e829165dd675dc9b31e3f857
O=[N+]([O-])OCCO,-8.18,71e5bb03712e194188f8d50f4c05cdf8
O=[N+]([O-])OCCO[N+](=O)[O-],-5.73,78347c128b616c621a07a19d752e4319
O=[N+]([O-])c1c(Cl)c(Cl)c(Cl)c(Cl)c1Cl,-5.22,43b2e8dcbbe1e68712ad95fd1786c716
O=[N+]([O-])c1ccc(O)cc1,-10.64,65ca9332c51bb580e791aea13d0da4d7
O=[N+]([O-])c1cccc(O)c1,-9.62,c4adbc3db65838c3cdfd00f781770797
O=[N+]([O-])c1ccccc1,-4.12,a95dd18a873671a30a757f426a8fa77a
O=[N+]([O-])c1ccccc1O,-4.58,5df49823493265a811f2bd7691e4a406
O=c1[nH]c(=O)[nH]c(=O)[nH]1,-18.06,e71a205c6700942a069db4f4388a4069
O=c1[nH]cc(Br)c(=O)[nH]1,-18.17,e60ca187b2aa1b0a553cfc8d9bd214a9
O=c1[nH]cc(C(F)(F)F)c(=O)[nH]1,-15.46,9b3b50171c54bd156b71f89103fec243
O=c1[nH]cc(Cl)c(=O)[nH]1,-17.74,e60ca187b2aa1b0a553cfc8d9bd214a9
O=c1[nH]cc(F)c(=O)[nH]1,-16.92,e60ca187b2aa1b0a553cfc8d9bd214a9
O=c1[nH]cc(I)c(=O)[nH]1,-18.72,e60ca187b2aa1b0a553cfc8d9bd214a9
O=c1cc(Cl)[nH]c(=O)[nH]1,-15.83,e71a205c6700942a069db4f4388a4069
OC1CCCC1,-5.49,8e4b273e62e3bdbcb042f56fe9c0bd31
OC1CCCCC1,-5.46,199bc20adfdca6d6b6a06391ec8e4ac2
OC1CCCCCC1,-5.48,2f8d8561003e8f99dbeed75850025248
OCC(F)(F)F,-4.31,aaa0b19e64bf3c35281517d1fd2e9593
OCC(O)CO,-13.43,86f7cf811774c9dc1f8ac7ebefafd51c
OCCCc1ccccc1,-6.92,949642de8ee5e7ad5475d2650121814b
OCCO,-9.3,69144809aea48cb46eae9c3950f24a15
OCCc1ccccc1,-6.79,95afacefd1d05ffe5f924c1452decfea
OC[C@@H](O)[C@@H](O)[C@H](O)[C@H](O)CO,-23.62,81d1e00c8fe15d998a65d9b8b0e4aba5
OC[C@H]1O[C@@H](O)[C@H](O)[C@@H](O)[C@@H]1O,-25.47,f4783fe0b68d49d195c8da928eb2e7f8
OCc1ccccc1,-6.62,b7ed9101b4ca2813c31d35330d0fcb01
O[C@@H]1[C@@H](O)[C@@H](O)OC[C@H]1O,-20.52,255cebe15b1ee4cc26a99295995b079c
Oc1ccc(Br)cc1,-5.85,e396601f6c53c7d8fc72e0c242851c62
Oc1ccc(Cl)c(Cl)c1,-7.29,e60ca187b2aa1b0a553cfc8d9bd214a9
Oc1ccc(Cl)cc1,-7.03,e396601f6c53c7d8fc72e0c242851c62
Oc1ccc(F)cc1,-6.19,e396601f6c53c7d8fc72e0c242851c62
Oc1ccc2ccccc2c1,-8.11,09865577bdf1c4ac24094347be042401
Oc1cccc(Cl)c1,-6.62,668f90355fba57bcb4fb60386433c90f
Oc1cccc2ccccc12,-7.67,f9e7199e472410d3d2519630916625b9
Oc1ccccc1,-6.6,199bc20adfdca6d6b6a06391ec8e4ac2
Oc1ccccc1Cl,-4.55,eff0807335aaee6290e89d2ebae38828
Oc1ccccc1F,-5.29,eff0807335aaee6290e89d2ebae38828
Oc1ccccc1I,-6.2,eff0807335aaee6290e89d2ebae38828
Sc1ccccc1,-2.55,199bc20adfdca6d6b6a06391ec8e4ac2
[O-][S+2]1([O-])CCCC1,-8.61,a09fd8263c85c42edd74a3289977a8b3
c1c[nH]cn1,-9.63,081a3ef2a02910794db9cb14b9d27e2c
c1cc2c3c(cccc3c1)CC2,-3.15,63455e47e713ce9bee6e5a0f0a18bcdf
c1cc2ccc3cccc4ccc(c1)c2c34,-4.52,dfd3aca24f921415feabfd576adeb5b3
c1cc[nH]c1,-4.78,081a3ef2a02910794db9cb14b9d27e2c
c1ccc(-c2ccccc2)cc1,-2.7,c892c4aa68135ada8d3e50c7cba88540
c1ccc(Cn2ccnc2)cc1,-7.63,8017e9edde99dedbf535e3ed6662d603
c1ccc(Oc2ccccc2)cc1,-2.87,c2a56cbcbb74933b5b9a0a2393732654
c1ccc2c(c1)CCC2,-1.46,5f3aeb4dec7acf673e4c4a925f94174f
c1ccc2c(c1)Cc1ccccc1-2,-3.35,8fbe427a157a7273f48a5e3202b8050f
c1ccc2c(c1)Cc1ccccc1C2,-3.78,41424c8fc83d7f65164d6f92257b995e
c1ccc2c(c1)Oc1ccccc1O2,-3.15,41424c8fc83d7f65164d6f92257b995e
c1ccc2c(c1)ccc1ccccc12,-3.88,bad967617266056b29d6eb2db59470b7
c1ccc2cc3ccccc3cc2c1,-3.95,41424c8fc83d7f65164d6f92257b995e
c1ccc2ccccc2c1,-2.4,ac0efc2073bac47c38268354d6d51e58
c1ccc2ncccc2c1,-5.72,ac0efc2073bac47c38268354d6d51e58
c1ccccc1,-0.9,da3c81488557dc57e6e1f0bd43d65336
c1ccncc1,-4.69,da3c81488557dc57e6e1f0bd43d65336
c1ccsc1,-1.4,081a3ef2a02910794db9cb14b9d27e2c
