dataset,candidate,family,max_abs_r_baseline,most_correlated_baseline,raw_corr_target,partial_corr_target,pcor_ci_lo,pcor_ci_hi,rel_resid,in_span,pcor_ci_verdict,pairwise_verdict,combined_verdict,n_compute_fail,compute_sec
esol,InfoH_deg,info-theoretic,0.6992,Alb,-0.1402,0.1541,0.0959747055178404,0.2111302169141428,0.5229902561696442,False,INCONCLUSIVE,PASS,PASS,0,0.0
esol,InfoH_dist,info-theoretic,0.8869,mM2,-0.5635,-0.049,-0.1076819088251622,0.0099816109711158,0.1956875001831532,False,INCONCLUSIVE,PASS,FAIL,0,0.06
esol,InfoH_spec,info-theoretic,0.9434,H,-0.6136,-0.0088,-0.0677505150263123,0.0501863151381298,0.1101996302704426,False,NEGLIGIBLE,PASS,FAIL,0,0.07
esol,InfoH_ecc,info-theoretic,0.8407,mM2,-0.5154,-0.039,-0.097742701636815,0.0200245345218314,0.3488394787646501,False,NEGLIGIBLE,PASS,FAIL,0,0.07
esol,Bonchev_Id,info-theoretic,0.9916,Schultz,-0.2877,-0.1131,-0.1708867855051767,-0.0544431193528586,0.0117340375335567,False,INCONCLUSIVE,FAIL,FAIL,0,0.06
esol,Btw_sum,centrality,0.9183,mM2,-0.5399,-0.073,-0.1313878311811518,-0.0140678948078214,0.0944807117922947,False,INCONCLUSIVE,PASS,FAIL,0,0.19
esol,Cls_sum,centrality,0.9384,SpecRad,-0.5285,-0.0015,-0.0604920079514065,0.057453677419208,0.0871934846275795,False,NEGLIGIBLE,PASS,FAIL,0,0.06
esol,Eig_sum,centrality,0.9174,ABC,-0.6071,0.0012,-0.0578048676186722,0.0601409294302405,0.1484036854609618,False,NEGLIGIBLE,PASS,FAIL,0,0.39
esol,Harm_cent,centrality,1.0,HR,-0.5461,0.0,0.0,0.0,7.546307427555084e-15,True,IN_SPAN,FAIL,FAIL,0,0.08
esol,Btw_var,centrality,0.6534,SpecRad,0.3489,0.0259,-0.0331675493692235,0.0846998324414455,0.4824904228748825,False,NEGLIGIBLE,PASS,FAIL,0,0.19
esol,AlgConn,spectral-hybrid,0.673,mM2,0.4522,0.0369,-0.0221273782248396,0.0956585959270561,0.4029465585587811,False,NEGLIGIBLE,PASS,FAIL,0,0.14
esol,Rho_x_Dia,spectral-hybrid,0.9628,mM2,-0.5712,-0.0768,-0.135209286157049,-0.0179574823507611,0.13402990228531,False,INCONCLUSIVE,FAIL,FAIL,0,0.14
esol,EE_x_W,spectral-hybrid,0.98,R,-0.6153,-0.0555,-0.1141452795167026,0.0034380324633817,0.028698264230906,False,INCONCLUSIVE,FAIL,FAIL,0,0.12
esol,Triangles,motif,0.158,F,-0.1229,-0.0705,-0.1288997653720229,-0.0115373763197964,0.1744302268649,False,INCONCLUSIVE,PASS,FAIL,0,0.01
esol,MeanClust,motif,0.0519,Balaban_J,0.0107,0.0387,-0.0203362383299912,0.0974338405477339,0.780135799407756,False,NEGLIGIBLE,PASS,FAIL,0,0.03
esol,FourCyc,motif,0.1889,Sigma,-0.0499,0.1122,0.0535604919361898,0.1700272969283225,0.4620746933153442,False,INCONCLUSIVE,PASS,PASS,0,0.07
esol,CutVerts,motif,0.8329,mM1,-0.3847,-0.1178,-0.1755382518049185,-0.0592229699883864,0.1822695611144113,False,INCONCLUSIVE,PASS,PASS,0,0.01
esol,TotEcc,eccentricity,0.9573,PI,-0.4874,-0.0725,-0.1309393299618491,-0.0136116299657952,0.0557619911845057,False,INCONCLUSIVE,FAIL,FAIL,0,0.06
esol,Radius,eccentricity,0.9143,mM2,-0.5652,-0.0701,-0.1285675138535658,-0.0111995694890724,0.1999440491901138,False,INCONCLUSIVE,PASS,FAIL,0,0.06
esol,MeanEcc,eccentricity,0.9296,mM2,-0.5593,-0.109,-0.1669077352383828,-0.0503584747728294,0.1176305200398658,False,INCONCLUSIVE,PASS,PASS,0,0.07
freesolv,InfoH_deg,info-theoretic,0.6492,Alb,-0.3169,-0.0614,-0.1396178237321869,0.0176578020591696,0.4698678905996158,False,INCONCLUSIVE,PASS,FAIL,0,0.0
freesolv,InfoH_dist,info-theoretic,0.8392,mM2,-0.2483,0.0863,0.0074040999386016,0.164102316143652,0.1507177938075319,False,INCONCLUSIVE,PASS,FAIL,0,0.02
freesolv,InfoH_spec,info-theoretic,0.9492,H,-0.3576,0.0797,0.0008095509122803,0.1576783651066229,0.1104379535005369,False,INCONCLUSIVE,PASS,FAIL,0,0.04
freesolv,InfoH_ecc,info-theoretic,0.7586,mM2,-0.2031,0.0263,-0.0527140814333166,0.1050434954996026,0.3347476972036283,False,INCONCLUSIVE,PASS,FAIL,0,0.02
freesolv,Bonchev_Id,info-theoretic,0.9986,WW,-0.2596,-0.0395,-0.1180542458531396,0.0395674391132122,0.0232052593472919,False,INCONCLUSIVE,FAIL,FAIL,0,0.02
freesolv,Btw_sum,centrality,0.879,mM2,-0.2176,0.0883,0.0094715915354593,0.1661135897430837,0.0798094272807286,False,INCONCLUSIVE,PASS,FAIL,0,0.05
freesolv,Cls_sum,centrality,0.949,redM1,-0.3725,-0.0651,-0.1432519228943349,0.0139504491069375,0.0595753734182292,False,INCONCLUSIVE,PASS,FAIL,0,0.02
freesolv,Eig_sum,centrality,0.9223,ABC,-0.3337,0.0592,-0.0197913303386755,0.1375245295171497,0.0648036036028363,False,INCONCLUSIVE,PASS,FAIL,0,0.16
freesolv,Harm_cent,centrality,1.0,HR,-0.3311,0.0,0.0,0.0,2.7365180161818032e-14,True,IN_SPAN,FAIL,FAIL,0,0.02
freesolv,Btw_var,centrality,0.5589,Energy,0.2732,-0.0031,-0.0819801464179169,0.0758847060743672,0.3779370216162213,False,NEGLIGIBLE,PASS,FAIL,0,0.05
freesolv,AlgConn,spectral-hybrid,0.6492,mM2,0.1768,-0.0943,-0.1719942650395617,-0.0155243324850997,0.3173378422265822,False,INCONCLUSIVE,PASS,FAIL,0,0.08
freesolv,Rho_x_Dia,spectral-hybrid,0.9553,mM2,-0.3181,-0.0018,-0.0807196920699221,0.0771461288104338,0.1430369761944788,False,NEGLIGIBLE,FAIL,FAIL,0,0.06
freesolv,EE_x_W,spectral-hybrid,0.9851,R,-0.354,0.1291,0.0507012352286593,0.2059518408012704,0.0193211339210858,False,INCONCLUSIVE,FAIL,FAIL,0,0.06
freesolv,Triangles,motif,0.1256,Gutman,0.0178,0.107,0.0283010092531939,0.1843712211282183,0.1458164717339603,False,INCONCLUSIVE,PASS,PASS,0,0.0
freesolv,MeanClust,motif,0.0639,mM1,0.0384,0.0514,-0.0275967430113637,0.1298543178182031,0.6152828622536621,False,INCONCLUSIVE,PASS,FAIL,0,0.01
freesolv,FourCyc,motif,0.1044,Sigma,0.0401,-0.074,-0.1520929569481481,0.004913119213562,0.7278293863863786,False,INCONCLUSIVE,PASS,FAIL,0,0.03
freesolv,CutVerts,motif,0.7828,mM1,-0.1668,0.0441,-0.034957108151949,0.1226041404106929,0.1770493489971306,False,INCONCLUSIVE,PASS,FAIL,0,0.01
freesolv,TotEcc,eccentricity,0.9799,mM2,-0.3041,-0.0177,-0.0964825748711257,0.0613346916136491,0.0693214102903704,False,NEGLIGIBLE,FAIL,FAIL,0,0.02
freesolv,Radius,eccentricity,0.8781,mM2,-0.287,0.0206,-0.0583980321146919,0.0994015254638022,0.2564404306579894,False,NEGLIGIBLE,PASS,FAIL,0,0.02
freesolv,MeanEcc,eccentricity,0.9123,mM2,-0.26,0.0613,-0.0177473277408113,0.1395300145718065,0.1145791692211136,False,INCONCLUSIVE,PASS,FAIL,0,0.02
lipophilicity,InfoH_deg,info-theoretic,0.7379,Sigma,-0.1706,-0.0446,-0.0748245424908533,-0.0143043155917227,0.3823308299662105,False,NEGLIGIBLE,PASS,FAIL,0,0.03
lipophilicity,InfoH_dist,info-theoretic,0.8583,H,0.1897,0.042,0.011687875746648,0.0722218066478063,0.1650514137104376,False,NEGLIGIBLE,PASS,FAIL,0,0.44
lipophilicity,InfoH_spec,info-theoretic,0.9721,Energy,0.2366,0.0772,0.0470310914087497,0.1073103950365884,0.0618536425875948,False,INCONCLUSIVE,FAIL,FAIL,0,0.4
lipophilicity,InfoH_ecc,info-theoretic,0.816,H,0.1881,0.0215,-0.0088242353729166,0.051788523590761,0.2915513049087623,False,NEGLIGIBLE,PASS,FAIL,0,0.78
lipophilicity,Bonchev_Id,info-theoretic,0.9958,W,0.0588,-0.0113,-0.0416265372403006,0.0190064680019028,0.0167262611275681,False,NEGLIGIBLE,FAIL,FAIL,0,0.72
lipophilicity,Btw_sum,centrality,0.8915,mM2,0.1631,-0.0159,-0.0462425480971947,0.0143828188666221,0.0834082514275008,False,NEGLIGIBLE,PASS,FAIL,0,2.32
lipophilicity,Cls_sum,centrality,0.7558,SpecRad,0.097,-0.0262,-0.0565136537365601,0.0040854061612516,0.1812256417318557,False,NEGLIGIBLE,PASS,FAIL,0,0.69
lipophilicity,Eig_sum,centrality,0.7567,SO,0.204,0.0143,-0.0160545958244828,0.0445738316947534,0.4391104570435979,False,NEGLIGIBLE,PASS,FAIL,0,3.52
lipophilicity,Harm_cent,centrality,1.0,HR,0.166,0.0,0.0,0.0,3.4414764681198553e-15,True,IN_SPAN,FAIL,FAIL,0,0.94
lipophilicity,Btw_var,centrality,0.4478,SpecRad,-0.0716,-0.0015,-0.031838035938548,0.0288025936055127,0.6302724348184171,False,NEGLIGIBLE,PASS,FAIL,0,2.42
lipophilicity,AlgConn,spectral-hybrid,0.6754,mM2,-0.1915,-0.0554,-0.0856005600203253,-0.0251458976225778,0.4921919445717776,False,NEGLIGIBLE,PASS,FAIL,0,0.66
lipophilicity,Rho_x_Dia,spectral-hybrid,0.879,H,0.1733,0.0006,-0.029717268473837,0.0309234788058898,0.1974168724417758,False,NEGLIGIBLE,PASS,FAIL,0,1.16
lipophilicity,EE_x_W,spectral-hybrid,0.9817,R,0.2054,0.0683,0.0380821441839852,0.0984400942107791,0.0329659106266427,False,NEGLIGIBLE,FAIL,FAIL,0,0.79
lipophilicity,Triangles,motif,0.2252,SpecRad,0.0811,0.0127,-0.0176212599397191,0.0430097285562267,0.188878404963502,False,NEGLIGIBLE,PASS,FAIL,0,0.09
lipophilicity,MeanClust,motif,0.1962,SpecRad,0.0716,-0.0065,-0.0368057908751217,0.0238324245491282,0.2891797121794958,False,NEGLIGIBLE,PASS,FAIL,0,0.25
lipophilicity,FourCyc,motif,0.1071,SpecRad,0.0061,0.0158,-0.0144933297177921,0.0461322500036343,0.8667710360832045,False,NEGLIGIBLE,PASS,FAIL,0,0.38
lipophilicity,CutVerts,motif,0.9015,mM2,0.0776,-0.0083,-0.0386189401126076,0.0220176472068775,0.1849997696697177,False,NEGLIGIBLE,PASS,FAIL,0,0.11
lipophilicity,TotEcc,eccentricity,0.9435,PI,0.142,-0.0184,-0.0487333672136733,0.0118868006803232,0.0699462422094486,False,NEGLIGIBLE,PASS,FAIL,0,0.77
lipophilicity,Radius,eccentricity,0.8468,H,0.1602,-0.014,-0.0442825471702753,0.0163463798416288,0.2209262458972457,False,NEGLIGIBLE,PASS,FAIL,0,0.77
lipophilicity,MeanEcc,eccentricity,0.8594,H,0.1664,0.0116,-0.0187685655859041,0.0418641098216434,0.1412552125626513,False,NEGLIGIBLE,PASS,FAIL,0,0.77
bbbp,InfoH_deg,info-theoretic,0.6756,Sigma,-0.195,0.0055,-0.03810705085191526,0.049181847593922,0.4701070300803563,False,NEGLIGIBLE,PASS,FAIL,0,0.01
bbbp,InfoH_dist,info-theoretic,0.8124,H,-0.2688,-0.0161,-0.05970384990722372,0.02756514645292807,0.2586143981439847,False,NEGLIGIBLE,PASS,FAIL,0,0.2
bbbp,InfoH_spec,info-theoretic,0.9065,AZI,-0.2421,0.0144,-0.029283696747390144,0.05798986606512049,0.13431375691347133,False,NEGLIGIBLE,PASS,FAIL,0,0.18
bbbp,InfoH_ecc,info-theoretic,0.7756,H,-0.2516,-0.0327,-0.07622008498061611,0.010978429502459131,0.35032121503878905,False,NEGLIGIBLE,PASS,FAIL,0,0.32
bbbp,Bonchev_Id,info-theoretic,0.9966,W,-0.2403,0.0381,-0.005558022031873259,0.08160710567895295,0.013022345702520715,False,NEGLIGIBLE,FAIL,FAIL,0,0.2
bbbp,Btw_sum,centrality,0.8887,mM2,-0.3054,0.0105,-0.033191443261436034,0.05409058702754175,0.13334064050827088,False,NEGLIGIBLE,PASS,FAIL,0,1.0
bbbp,Cls_sum,centrality,0.8384,redM1,-0.1778,0.0039,-0.03974313118418658,0.047547117373688094,0.18550459333618213,False,NEGLIGIBLE,PASS,FAIL,0,0.3
bbbp,Eig_sum,centrality,0.8444,M1,-0.2029,0.0167,-0.026962007110983614,0.060305264650681235,0.3687356004901737,False,NEGLIGIBLE,PASS,FAIL,0,1.44
bbbp,Harm_cent,centrality,1.0,HR,-0.3139,0.0,0.0,0.0,3.1924655790825264e-15,True,IN_SPAN,FAIL,FAIL,0,0.4
bbbp,Btw_var,centrality,0.7115,SpecRad,0.0747,0.0332,-0.010506503241103884,0.07668930683003475,0.5495925012216023,False,NEGLIGIBLE,PASS,FAIL,0,1.04
bbbp,AlgConn,spectral-hybrid,0.5345,SpecRad,0.1436,0.0058,-0.03789691778380139,0.04939177337343645,0.6011742124450669,False,NEGLIGIBLE,PASS,FAIL,0,0.32
bbbp,Rho_x_Dia,spectral-hybrid,0.8976,H,-0.2902,-0.0058,-0.049463733359657466,0.037824884964886236,0.2086843935412785,False,NEGLIGIBLE,PASS,FAIL,0,0.53
bbbp,EE_x_W,spectral-hybrid,0.959,GA,-0.2984,0.0125,-0.03118344210993851,0.05609456969468496,0.05663337601278475,False,NEGLIGIBLE,FAIL,FAIL,0,0.36
bbbp,Triangles,motif,0.1188,SpecRad,0.0265,0.225,0.18314939134276098,0.2660299604164769,0.41892905237432854,False,PASS,PASS,PASS,0,0.04
bbbp,MeanClust,motif,0.0615,mM1,0.0315,0.0777,0.03412410196291631,0.12089029485074086,0.7676022961552421,False,INCONCLUSIVE,PASS,FAIL,0,0.11
bbbp,FourCyc,motif,0.2239,SpecRad,-0.3894,-0.22,-0.2611351352316709,-0.17806068338705008,0.729653980179741,False,PASS,PASS,PASS,0,0.18
bbbp,CutVerts,motif,0.899,mM1,-0.3928,0.0015,-0.042125922400341624,0.045165455755100184,0.1773667304769693,False,NEGLIGIBLE,PASS,FAIL,0,0.05
bbbp,TotEcc,eccentricity,0.9476,mM2,-0.3119,0.0349,-0.00874264775375701,0.07844271251997977,0.07288874839165564,False,NEGLIGIBLE,PASS,FAIL,0,0.33
bbbp,Radius,eccentricity,0.8815,H,-0.2941,-0.0117,-0.05528820827758179,0.03199150519786522,0.22469660323848756,False,NEGLIGIBLE,PASS,FAIL,0,0.33
bbbp,MeanEcc,eccentricity,0.8764,H,-0.2879,0.0007,-0.04293376557562057,0.04435777024448706,0.1877811302781125,False,NEGLIGIBLE,PASS,FAIL,0,0.33
