dataset,model,metric,mean,sd,mean_n_features,mean_n_features_input,n_intercept_only_folds,n_folds
esol,a_full30_lasso,rmse,1.535001600655942,0.09789872326890328,16.0,30.0,0,25
esol,b_pairwise_lasso,rmse,1.579680109721565,0.09967036977353778,7.2,7.48,0,25
esol,c_combined_lasso,rmse,1.5902062099145333,0.0910475621280902,4.32,4.32,0,25
esol,d_full30_rf,rmse,1.4791222509261421,0.10373821659274739,30.0,30.0,0,25
esol,e_pairwise_rf,rmse,1.473606241049488,0.09871368619221896,7.48,7.48,0,25
esol,f_rdkit2d_rf,rmse,0.6737846001840448,0.050889360195257576,159.72,159.72,0,25
esol,g_mij_rf,rmse,1.4583167226904623,0.09364058545791544,10.0,10.0,0,25
esol,g_mij_lasso,rmse,1.6209926742550784,0.10118970609732802,8.84,10.0,0,25
freesolv,a_full30_lasso,rmse,3.515849907110336,0.47829420804211076,11.6,30.0,0,25
freesolv,b_pairwise_lasso,rmse,3.515292554060868,0.49685286627171343,5.88,7.8,0,25
freesolv,c_combined_lasso,rmse,3.519478556666516,0.5209909069579289,3.12,3.16,0,25
freesolv,d_full30_rf,rmse,3.442844157153114,0.45118266790231365,30.0,30.0,0,25
freesolv,e_pairwise_rf,rmse,3.428818299589789,0.43116262576717196,7.8,7.8,0,25
freesolv,f_rdkit2d_rf,rmse,1.2667998936626292,0.3145858219190799,148.88,148.88,0,25
freesolv,g_mij_rf,rmse,3.498919626069392,0.47962909802041376,10.0,10.0,0,25
freesolv,g_mij_lasso,rmse,3.4976732167746114,0.5079913426451393,6.96,10.0,0,25
lipophilicity,a_full30_lasso,rmse,1.130350579134864,0.02718497097448021,13.92,30.0,0,25
lipophilicity,b_pairwise_lasso,rmse,1.1389964965907589,0.028421535325993542,6.88,8.0,0,25
lipophilicity,c_combined_lasso,rmse,1.2036021980909997,0.03152518094115326,0.04,0.04,24,25
lipophilicity,d_full30_rf,rmse,1.0862839679092327,0.027235607604778694,30.0,30.0,0,25
lipophilicity,e_pairwise_rf,rmse,1.0789706971455966,0.027693708441642328,8.0,8.0,0,25
lipophilicity,f_rdkit2d_rf,rmse,0.7144557386916823,0.022179453225656728,160.24,160.24,0,25
lipophilicity,g_mij_rf,rmse,1.150063530054294,0.029791672774535805,10.0,10.0,0,25
lipophilicity,g_mij_lasso,rmse,1.1353450805464786,0.03087320665405961,8.56,10.0,0,25
bbbp,a_full30_lasso,roc_auc,0.8084465156778209,0.03154903603070899,27.12,30.0,0,25
bbbp,b_pairwise_lasso,roc_auc,0.7907707119131392,0.029630983458344546,5.76,6.04,0,25
bbbp,c_combined_lasso,roc_auc,0.7913272059445055,0.029047175426358467,4.0,4.0,0,25
bbbp,d_full30_rf,roc_auc,0.8309289495440292,0.021011523753732667,30.0,30.0,0,25
bbbp,e_pairwise_rf,roc_auc,0.8470350429340746,0.020155097252284166,6.04,6.04,0,25
bbbp,f_rdkit2d_rf,roc_auc,0.9354445855787258,0.01884605037823899,172.52,172.52,0,25
bbbp,g_mij_rf,roc_auc,0.8410400091551893,0.019333474605770392,10.0,10.0,0,25
bbbp,g_mij_lasso,roc_auc,0.8004915237632223,0.031051791020632727,8.96,10.0,0,25
