dataset,task,repeat,fold,n_train,n_test,metric,model,value,n_features_input,n_features_active,intercept_only
esol,regression,0,0,893,222,rmse,a_full30_lasso,1.4340992141349307,30,12,0
esol,regression,0,0,893,222,rmse,b_pairwise_lasso,1.5111385954083891,7,7,0
esol,regression,0,0,893,222,rmse,c_combined_lasso,1.508414392157492,4,4,0
esol,regression,0,0,893,222,rmse,d_full30_rf,1.3068039613542217,30,30,0
esol,regression,0,0,893,222,rmse,e_pairwise_rf,1.3196494542468775,7,7,0
esol,regression,0,0,893,222,rmse,f_rdkit2d_rf,0.624040910778472,160,160,0
esol,regression,0,0,893,222,rmse,g_mij_rf,1.362531081439819,10,10,0
esol,regression,0,0,893,222,rmse,g_mij_lasso,1.5266051408950034,10,10,0
esol,regression,0,1,880,235,rmse,a_full30_lasso,1.6966621338105454,30,20,0
esol,regression,0,1,880,235,rmse,b_pairwise_lasso,1.7278601789116366,7,7,0
esol,regression,0,1,880,235,rmse,c_combined_lasso,1.7286202332444829,5,5,0
esol,regression,0,1,880,235,rmse,d_full30_rf,1.6428906484360994,30,30,0
esol,regression,0,1,880,235,rmse,e_pairwise_rf,1.652461811907305,7,7,0
esol,regression,0,1,880,235,rmse,f_rdkit2d_rf,0.791500779926827,159,159,0
esol,regression,0,1,880,235,rmse,g_mij_rf,1.5508110569482045,10,10,0
esol,regression,0,1,880,235,rmse,g_mij_lasso,1.79972507201517,10,9,0
esol,regression,0,2,871,244,rmse,a_full30_lasso,1.567051910431601,30,16,0
esol,regression,0,2,871,244,rmse,b_pairwise_lasso,1.6091711089675307,8,8,0
esol,regression,0,2,871,244,rmse,c_combined_lasso,1.6275977839856337,4,4,0
esol,regression,0,2,871,244,rmse,d_full30_rf,1.5825412073663905,30,30,0
esol,regression,0,2,871,244,rmse,e_pairwise_rf,1.5583186870758814,8,8,0
esol,regression,0,2,871,244,rmse,f_rdkit2d_rf,0.6593858363966641,159,159,0
esol,regression,0,2,871,244,rmse,g_mij_rf,1.5031001475893844,10,10,0
esol,regression,0,2,871,244,rmse,g_mij_lasso,1.6744361363355773,10,10,0
esol,regression,0,3,931,184,rmse,a_full30_lasso,1.403392096901711,30,15,0
esol,regression,0,3,931,184,rmse,b_pairwise_lasso,1.4781514732298497,8,7,0
esol,regression,0,3,931,184,rmse,c_combined_lasso,1.484121827098897,5,5,0
esol,regression,0,3,931,184,rmse,d_full30_rf,1.2571688608786777,30,30,0
esol,regression,0,3,931,184,rmse,e_pairwise_rf,1.2877605746926022,8,8,0
esol,regression,0,3,931,184,rmse,f_rdkit2d_rf,0.6907413750715161,161,161,0
esol,regression,0,3,931,184,rmse,g_mij_rf,1.399999092518866,10,10,0
esol,regression,0,3,931,184,rmse,g_mij_lasso,1.4595798317469642,10,8,0
esol,regression,0,4,885,230,rmse,a_full30_lasso,1.543412787428468,30,19,0
esol,regression,0,4,885,230,rmse,b_pairwise_lasso,1.560223738250574,7,7,0
esol,regression,0,4,885,230,rmse,c_combined_lasso,1.5601663716948306,5,5,0
esol,regression,0,4,885,230,rmse,d_full30_rf,1.5217582634259619,30,30,0
esol,regression,0,4,885,230,rmse,e_pairwise_rf,1.5289936005553206,7,7,0
esol,regression,0,4,885,230,rmse,f_rdkit2d_rf,0.6424678710834438,159,159,0
esol,regression,0,4,885,230,rmse,g_mij_rf,1.4714735127048528,10,10,0
esol,regression,0,4,885,230,rmse,g_mij_lasso,1.5735870160909529,10,8,0
esol,regression,1,0,891,224,rmse,a_full30_lasso,1.5738280654348293,30,19,0
esol,regression,1,0,891,224,rmse,b_pairwise_lasso,1.6768124285158894,7,5,0
esol,regression,1,0,891,224,rmse,c_combined_lasso,1.674555673800916,4,4,0
esol,regression,1,0,891,224,rmse,d_full30_rf,1.5677427597415456,30,30,0
esol,regression,1,0,891,224,rmse,e_pairwise_rf,1.4964908375710502,7,7,0
esol,regression,1,0,891,224,rmse,f_rdkit2d_rf,0.6707755085849223,159,159,0
esol,regression,1,0,891,224,rmse,g_mij_rf,1.4311175389999742,10,10,0
esol,regression,1,0,891,224,rmse,g_mij_lasso,1.683150828451223,10,6,0
esol,regression,1,1,878,237,rmse,a_full30_lasso,1.6183605238075252,30,17,0
esol,regression,1,1,878,237,rmse,b_pairwise_lasso,1.6443065022847096,7,7,0
esol,regression,1,1,878,237,rmse,c_combined_lasso,1.6340167492442503,5,5,0
esol,regression,1,1,878,237,rmse,d_full30_rf,1.4791836231343987,30,30,0
esol,regression,1,1,878,237,rmse,e_pairwise_rf,1.4482367807547127,7,7,0
esol,regression,1,1,878,237,rmse,f_rdkit2d_rf,0.6343455811786298,161,161,0
esol,regression,1,1,878,237,rmse,g_mij_rf,1.4526962023547967,10,10,0
esol,regression,1,1,878,237,rmse,g_mij_lasso,1.6615715444855976,10,10,0
esol,regression,1,2,939,176,rmse,a_full30_lasso,1.5595678451603936,30,17,0
esol,regression,1,2,939,176,rmse,b_pairwise_lasso,1.5889096200509054,7,7,0
esol,regression,1,2,939,176,rmse,c_combined_lasso,1.61640191686285,4,4,0
esol,regression,1,2,939,176,rmse,d_full30_rf,1.5156300000320975,30,30,0
esol,regression,1,2,939,176,rmse,e_pairwise_rf,1.5006042392431758,7,7,0
esol,regression,1,2,939,176,rmse,f_rdkit2d_rf,0.7362621242774751,160,160,0
esol,regression,1,2,939,176,rmse,g_mij_rf,1.4952426258150684,10,10,0
esol,regression,1,2,939,176,rmse,g_mij_lasso,1.7085835903470252,10,10,0
esol,regression,1,3,841,274,rmse,a_full30_lasso,1.3925780736780542,30,12,0
esol,regression,1,3,841,274,rmse,b_pairwise_lasso,1.4156032756954484,9,8,0
esol,regression,1,3,841,274,rmse,c_combined_lasso,1.4815291755866549,3,3,0
esol,regression,1,3,841,274,rmse,d_full30_rf,1.355179218603305,30,30,0
esol,regression,1,3,841,274,rmse,e_pairwise_rf,1.3835444094224074,9,9,0
esol,regression,1,3,841,274,rmse,f_rdkit2d_rf,0.5433859880468369,160,160,0
esol,regression,1,3,841,274,rmse,g_mij_rf,1.3431911197953275,10,10,0
esol,regression,1,3,841,274,rmse,g_mij_lasso,1.4889467286960925,10,9,0
esol,regression,1,4,911,204,rmse,a_full30_lasso,1.534997656859468,30,16,0
esol,regression,1,4,911,204,rmse,b_pairwise_lasso,1.5993496582517233,7,7,0
esol,regression,1,4,911,204,rmse,c_combined_lasso,1.6156759416402833,4,4,0
esol,regression,1,4,911,204,rmse,d_full30_rf,1.477687749328756,30,30,0
esol,regression,1,4,911,204,rmse,e_pairwise_rf,1.492756199966273,7,7,0
esol,regression,1,4,911,204,rmse,f_rdkit2d_rf,0.7459973738190968,158,158,0
esol,regression,1,4,911,204,rmse,g_mij_rf,1.4404510413236713,10,10,0
esol,regression,1,4,911,204,rmse,g_mij_lasso,1.6187432872419214,10,10,0
esol,regression,2,0,896,219,rmse,a_full30_lasso,1.6009238943806807,30,16,0
esol,regression,2,0,896,219,rmse,b_pairwise_lasso,1.627543341474738,7,7,0
esol,regression,2,0,896,219,rmse,c_combined_lasso,1.6281943112550585,5,5,0
esol,regression,2,0,896,219,rmse,d_full30_rf,1.5047141481868636,30,30,0
esol,regression,2,0,896,219,rmse,e_pairwise_rf,1.4848933268374764,7,7,0
esol,regression,2,0,896,219,rmse,f_rdkit2d_rf,0.660249308881146,161,161,0
esol,regression,2,0,896,219,rmse,g_mij_rf,1.568882646960243,10,10,0
esol,regression,2,0,896,219,rmse,g_mij_lasso,1.694314769682565,10,9,0
esol,regression,2,1,821,294,rmse,a_full30_lasso,1.5769768808225397,30,16,0
esol,regression,2,1,821,294,rmse,b_pairwise_lasso,1.6182966222787647,8,8,0
esol,regression,2,1,821,294,rmse,c_combined_lasso,1.62014276856924,4,4,0
esol,regression,2,1,821,294,rmse,d_full30_rf,1.5293036241601028,30,30,0
esol,regression,2,1,821,294,rmse,e_pairwise_rf,1.5458607798102275,8,8,0
esol,regression,2,1,821,294,rmse,f_rdkit2d_rf,0.6811458594218156,158,158,0
esol,regression,2,1,821,294,rmse,g_mij_rf,1.519983009561783,10,10,0
esol,regression,2,1,821,294,rmse,g_mij_lasso,1.6483010025176448,10,10,0
esol,regression,2,2,944,171,rmse,a_full30_lasso,1.5391066709460446,30,14,0
esol,regression,2,2,944,171,rmse,b_pairwise_lasso,1.625910331019348,7,7,0
esol,regression,2,2,944,171,rmse,c_combined_lasso,1.6345237821017125,5,5,0
esol,regression,2,2,944,171,rmse,d_full30_rf,1.3717425716267428,30,30,0
esol,regression,2,2,944,171,rmse,e_pairwise_rf,1.35393398173984,7,7,0
esol,regression,2,2,944,171,rmse,f_rdkit2d_rf,0.7048694344456918,160,160,0
esol,regression,2,2,944,171,rmse,g_mij_rf,1.4693616748788392,10,10,0
esol,regression,2,2,944,171,rmse,g_mij_lasso,1.6384218774446857,10,9,0
esol,regression,2,3,926,189,rmse,a_full30_lasso,1.4396002277615858,30,16,0
esol,regression,2,3,926,189,rmse,b_pairwise_lasso,1.4799419838920875,7,7,0
esol,regression,2,3,926,189,rmse,c_combined_lasso,1.509415850812306,4,4,0
esol,regression,2,3,926,189,rmse,d_full30_rf,1.3998136421066283,30,30,0
esol,regression,2,3,926,189,rmse,e_pairwise_rf,1.4216225027968323,7,7,0
esol,regression,2,3,926,189,rmse,f_rdkit2d_rf,0.642067265120692,161,161,0
esol,regression,2,3,926,189,rmse,g_mij_rf,1.3574128158207628,10,10,0
esol,regression,2,3,926,189,rmse,g_mij_lasso,1.60373668475953,10,9,0
esol,regression,2,4,873,242,rmse,a_full30_lasso,1.5004344871804784,30,15,0
esol,regression,2,4,873,242,rmse,b_pairwise_lasso,1.5292253886201657,8,8,0
esol,regression,2,4,873,242,rmse,c_combined_lasso,1.528691235704792,4,4,0
esol,regression,2,4,873,242,rmse,d_full30_rf,1.5241289359476615,30,30,0
esol,regression,2,4,873,242,rmse,e_pairwise_rf,1.503892568520748,8,8,0
esol,regression,2,4,873,242,rmse,f_rdkit2d_rf,0.7150995974649204,159,159,0
esol,regression,2,4,873,242,rmse,g_mij_rf,1.4957281919237015,10,10,0
esol,regression,2,4,873,242,rmse,g_mij_lasso,1.527320700420807,10,10,0
esol,regression,3,0,906,209,rmse,a_full30_lasso,1.5916615286123221,30,12,0
esol,regression,3,0,906,209,rmse,b_pairwise_lasso,1.6277148474284677,8,7,0
esol,regression,3,0,906,209,rmse,c_combined_lasso,1.6304337587885125,4,4,0
esol,regression,3,0,906,209,rmse,d_full30_rf,1.5456162674040994,30,30,0
esol,regression,3,0,906,209,rmse,e_pairwise_rf,1.5473167325982211,8,8,0
esol,regression,3,0,906,209,rmse,f_rdkit2d_rf,0.6385942684685587,161,161,0
esol,regression,3,0,906,209,rmse,g_mij_rf,1.4540508884613792,10,10,0
esol,regression,3,0,906,209,rmse,g_mij_lasso,1.672469551752149,10,7,0
esol,regression,3,1,866,249,rmse,a_full30_lasso,1.5757742551859995,30,18,0
esol,regression,3,1,866,249,rmse,b_pairwise_lasso,1.614845145721745,7,7,0
esol,regression,3,1,866,249,rmse,c_combined_lasso,1.5954552661122645,5,5,0
esol,regression,3,1,866,249,rmse,d_full30_rf,1.4904289199305862,30,30,0
esol,regression,3,1,866,249,rmse,e_pairwise_rf,1.5280960982937009,7,7,0
esol,regression,3,1,866,249,rmse,f_rdkit2d_rf,0.6793403814238891,160,160,0
esol,regression,3,1,866,249,rmse,g_mij_rf,1.560765744010239,10,10,0
esol,regression,3,1,866,249,rmse,g_mij_lasso,1.5778269392321091,10,10,0
esol,regression,3,2,916,199,rmse,a_full30_lasso,1.6343460177441111,30,13,0
esol,regression,3,2,916,199,rmse,b_pairwise_lasso,1.6807232052855263,8,7,0
esol,regression,3,2,916,199,rmse,c_combined_lasso,1.6954406390439363,4,4,0
esol,regression,3,2,916,199,rmse,d_full30_rf,1.6103673115281651,30,30,0
esol,regression,3,2,916,199,rmse,e_pairwise_rf,1.577409506712705,8,8,0
esol,regression,3,2,916,199,rmse,f_rdkit2d_rf,0.7650603755352783,160,160,0
esol,regression,3,2,916,199,rmse,g_mij_rf,1.5118725854181863,10,10,0
esol,regression,3,2,916,199,rmse,g_mij_lasso,1.7443191478096187,10,8,0
esol,regression,3,3,855,260,rmse,a_full30_lasso,1.4845518089670595,30,17,0
esol,regression,3,3,855,260,rmse,b_pairwise_lasso,1.5633475081461217,8,8,0
esol,regression,3,3,855,260,rmse,c_combined_lasso,1.578562587424507,5,5,0
esol,regression,3,3,855,260,rmse,d_full30_rf,1.4519132060813094,30,30,0
esol,regression,3,3,855,260,rmse,e_pairwise_rf,1.4223552237643555,8,8,0
esol,regression,3,3,855,260,rmse,f_rdkit2d_rf,0.6399252534988742,158,158,0
esol,regression,3,3,855,260,rmse,g_mij_rf,1.3731565750934196,10,10,0
esol,regression,3,3,855,260,rmse,g_mij_lasso,1.551687771363442,10,9,0
esol,regression,3,4,917,198,rmse,a_full30_lasso,1.4408280097939141,30,18,0
esol,regression,3,4,917,198,rmse,b_pairwise_lasso,1.445607980293777,7,7,0
esol,regression,3,4,917,198,rmse,c_combined_lasso,1.4715454898244793,4,4,0
esol,regression,3,4,917,198,rmse,d_full30_rf,1.3914292829177306,30,30,0
esol,regression,3,4,917,198,rmse,e_pairwise_rf,1.396403230863674,7,7,0
esol,regression,3,4,917,198,rmse,f_rdkit2d_rf,0.6533757257846461,160,160,0
esol,regression,3,4,917,198,rmse,g_mij_rf,1.302517001265541,10,10,0
esol,regression,3,4,917,198,rmse,g_mij_lasso,1.537244197592429,10,10,0
esol,regression,4,0,892,223,rmse,a_full30_lasso,1.7965326873756504,30,18,0
esol,regression,4,0,892,223,rmse,b_pairwise_lasso,1.8454589254017864,8,7,0
esol,regression,4,0,892,223,rmse,c_combined_lasso,1.835183286746783,5,5,0
esol,regression,4,0,892,223,rmse,d_full30_rf,1.6183524034080774,30,30,0
esol,regression,4,0,892,223,rmse,e_pairwise_rf,1.6551080460175736,8,8,0
esol,regression,4,0,892,223,rmse,f_rdkit2d_rf,0.6800367913670223,160,160,0
esol,regression,4,0,892,223,rmse,g_mij_rf,1.673311428604765,10,10,0
esol,regression,4,0,892,223,rmse,g_mij_lasso,1.880060949868696,10,8,0
esol,regression,4,1,867,248,rmse,a_full30_lasso,1.448548579723797,30,18,0
esol,regression,4,1,867,248,rmse,b_pairwise_lasso,1.4841168694699265,8,8,0
esol,regression,4,1,867,248,rmse,c_combined_lasso,1.5070808048627564,4,4,0
esol,regression,4,1,867,248,rmse,d_full30_rf,1.3998550182036424,30,30,0
esol,regression,4,1,867,248,rmse,e_pairwise_rf,1.3909340706789888,8,8,0
esol,regression,4,1,867,248,rmse,f_rdkit2d_rf,0.6423423477649348,159,159,0
esol,regression,4,1,867,248,rmse,g_mij_rf,1.4755733363812098,10,10,0
esol,regression,4,1,867,248,rmse,g_mij_lasso,1.5975756008450146,10,7,0
esol,regression,4,2,898,217,rmse,a_full30_lasso,1.5759758984991648,30,15,0
esol,regression,4,2,898,217,rmse,b_pairwise_lasso,1.6120105297112628,7,7,0
esol,regression,4,2,898,217,rmse,c_combined_lasso,1.6364671011320666,4,4,0
esol,regression,4,2,898,217,rmse,d_full30_rf,1.6304001241905728,30,30,0
esol,regression,4,2,898,217,rmse,e_pairwise_rf,1.5896967487863818,7,7,0
esol,regression,4,2,898,217,rmse,f_rdkit2d_rf,0.661749544768627,159,159,0
esol,regression,4,2,898,217,rmse,g_mij_rf,1.59055614332639,10,10,0
esol,regression,4,2,898,217,rmse,g_mij_lasso,1.6427699496474346,10,7,0
esol,regression,4,3,910,205,rmse,a_full30_lasso,1.4414327182372637,30,15,0
esol,regression,4,3,910,205,rmse,b_pairwise_lasso,1.4814288084408072,8,8,0
esol,regression,4,3,910,205,rmse,c_combined_lasso,1.4974141244017845,4,4,0
esol,regression,4,3,910,205,rmse,d_full30_rf,1.372778008354102,30,30,0
esol,regression,4,3,910,205,rmse,e_pairwise_rf,1.3788549384032502,8,8,0
esol,regression,4,3,910,205,rmse,f_rdkit2d_rf,0.6849096318591936,160,160,0
esol,regression,4,3,910,205,rmse,g_mij_rf,1.3142636884499312,10,10,0
esol,regression,4,3,910,205,rmse,g_mij_lasso,1.5377994113619364,10,10,0
esol,regression,4,4,893,222,rmse,a_full30_lasso,1.4043960435204097,30,16,0
esol,regression,4,4,893,222,rmse,b_pairwise_lasso,1.4443046762879392,7,7,0
esol,regression,4,4,893,222,rmse,c_combined_lasso,1.455504175766849,4,4,0
esol,regression,4,4,893,222,rmse,d_full30_rf,1.4306265168058183,30,30,0
esol,regression,4,4,893,222,rmse,e_pairwise_rf,1.3749616749776155,7,7,0
esol,regression,4,4,893,222,rmse,f_rdkit2d_rf,0.656945869631948,161,161,0
esol,regression,4,4,893,222,rmse,g_mij_rf,1.339868917615202,10,10,0
esol,regression,4,4,893,222,rmse,g_mij_lasso,1.4760391257733683,10,8,0
freesolv,regression,0,0,496,143,rmse,a_full30_lasso,3.3859376193816053,30,19,0
freesolv,regression,0,0,496,143,rmse,b_pairwise_lasso,3.476226416895963,8,6,0
freesolv,regression,0,0,496,143,rmse,c_combined_lasso,3.5073343450734695,2,2,0
freesolv,regression,0,0,496,143,rmse,d_full30_rf,3.4957679336338283,30,30,0
freesolv,regression,0,0,496,143,rmse,e_pairwise_rf,3.408045771662715,8,8,0
freesolv,regression,0,0,496,143,rmse,f_rdkit2d_rf,0.9827881214947933,149,149,0
freesolv,regression,0,0,496,143,rmse,g_mij_rf,3.566974972567978,10,10,0
freesolv,regression,0,0,496,143,rmse,g_mij_lasso,3.5178983384388656,10,6,0
freesolv,regression,0,1,532,107,rmse,a_full30_lasso,3.3815226973086614,30,16,0
freesolv,regression,0,1,532,107,rmse,b_pairwise_lasso,3.424378848934668,7,7,0
freesolv,regression,0,1,532,107,rmse,c_combined_lasso,3.4161311522664923,5,5,0
freesolv,regression,0,1,532,107,rmse,d_full30_rf,3.2591547005553703,30,30,0
freesolv,regression,0,1,532,107,rmse,e_pairwise_rf,3.3189870527179086,7,7,0
freesolv,regression,0,1,532,107,rmse,f_rdkit2d_rf,1.3135689242880066,150,150,0
freesolv,regression,0,1,532,107,rmse,g_mij_rf,3.383210087061508,10,10,0
freesolv,regression,0,1,532,107,rmse,g_mij_lasso,3.2840353585439286,10,5,0
freesolv,regression,0,2,497,142,rmse,a_full30_lasso,4.0428483492774,30,9,0
freesolv,regression,0,2,497,142,rmse,b_pairwise_lasso,4.023316049763551,8,5,0
freesolv,regression,0,2,497,142,rmse,c_combined_lasso,4.088854854511926,4,4,0
freesolv,regression,0,2,497,142,rmse,d_full30_rf,3.8349569083516193,30,30,0
freesolv,regression,0,2,497,142,rmse,e_pairwise_rf,3.7399629161263994,8,8,0
freesolv,regression,0,2,497,142,rmse,f_rdkit2d_rf,1.4715350792476207,148,148,0
freesolv,regression,0,2,497,142,rmse,g_mij_rf,3.7286749998911413,10,10,0
freesolv,regression,0,2,497,142,rmse,g_mij_lasso,3.973142537208923,10,7,0
freesolv,regression,0,3,539,100,rmse,a_full30_lasso,3.6227607341694115,30,16,0
freesolv,regression,0,3,539,100,rmse,b_pairwise_lasso,3.7031760649047563,8,8,0
freesolv,regression,0,3,539,100,rmse,c_combined_lasso,3.7262620839322675,4,4,0
freesolv,regression,0,3,539,100,rmse,d_full30_rf,3.4914149145198623,30,30,0
freesolv,regression,0,3,539,100,rmse,e_pairwise_rf,3.548624395847032,8,8,0
freesolv,regression,0,3,539,100,rmse,f_rdkit2d_rf,1.233029599295989,149,149,0
freesolv,regression,0,3,539,100,rmse,g_mij_rf,3.7401691143798828,10,10,0
freesolv,regression,0,3,539,100,rmse,g_mij_lasso,3.7248657482240555,10,10,0
freesolv,regression,0,4,492,147,rmse,a_full30_lasso,2.987742176300769,30,19,0
freesolv,regression,0,4,492,147,rmse,b_pairwise_lasso,2.9969283251101975,8,7,0
freesolv,regression,0,4,492,147,rmse,c_combined_lasso,3.0239124729211606,2,2,0
freesolv,regression,0,4,492,147,rmse,d_full30_rf,3.0070048572634605,30,30,0
freesolv,regression,0,4,492,147,rmse,e_pairwise_rf,2.967897476489537,8,8,0
freesolv,regression,0,4,492,147,rmse,f_rdkit2d_rf,0.9497086846443847,150,150,0
freesolv,regression,0,4,492,147,rmse,g_mij_rf,2.9125143853574307,10,10,0
freesolv,regression,0,4,492,147,rmse,g_mij_lasso,2.9988167102736987,10,10,0
freesolv,regression,1,0,542,97,rmse,a_full30_lasso,4.2152966292467795,30,10,0
freesolv,regression,1,0,542,97,rmse,b_pairwise_lasso,4.2473558289891455,8,6,0
freesolv,regression,1,0,542,97,rmse,c_combined_lasso,4.300289730966935,2,2,0
freesolv,regression,1,0,542,97,rmse,d_full30_rf,4.252506339236012,30,30,0
freesolv,regression,1,0,542,97,rmse,e_pairwise_rf,4.234695852568293,8,8,0
freesolv,regression,1,0,542,97,rmse,f_rdkit2d_rf,1.7852879963164117,150,150,0
freesolv,regression,1,0,542,97,rmse,g_mij_rf,4.2658767593903235,10,10,0
freesolv,regression,1,0,542,97,rmse,g_mij_lasso,4.271631632231261,10,9,0
freesolv,regression,1,1,509,130,rmse,a_full30_lasso,3.9840539628919913,30,4,0
freesolv,regression,1,1,509,130,rmse,b_pairwise_lasso,3.9852012943476587,8,4,0
freesolv,regression,1,1,509,130,rmse,c_combined_lasso,4.001195382809102,3,3,0
freesolv,regression,1,1,509,130,rmse,d_full30_rf,3.7928493909496646,30,30,0
freesolv,regression,1,1,509,130,rmse,e_pairwise_rf,3.793022505654381,8,8,0
freesolv,regression,1,1,509,130,rmse,f_rdkit2d_rf,1.1066834054303865,149,149,0
freesolv,regression,1,1,509,130,rmse,g_mij_rf,4.072196468304718,10,10,0
freesolv,regression,1,1,509,130,rmse,g_mij_lasso,3.9644678786739864,10,6,0
freesolv,regression,1,2,537,102,rmse,a_full30_lasso,2.8272273307648947,30,16,0
freesolv,regression,1,2,537,102,rmse,b_pairwise_lasso,2.9229769227108413,8,7,0
freesolv,regression,1,2,537,102,rmse,c_combined_lasso,2.746696663652582,2,2,0
freesolv,regression,1,2,537,102,rmse,d_full30_rf,2.95319058038856,30,30,0
freesolv,regression,1,2,537,102,rmse,e_pairwise_rf,2.7919647359186324,8,8,0
freesolv,regression,1,2,537,102,rmse,f_rdkit2d_rf,0.9868752981890797,149,149,0
freesolv,regression,1,2,537,102,rmse,g_mij_rf,3.581518629885427,10,10,0
freesolv,regression,1,2,537,102,rmse,g_mij_lasso,2.803343851184933,10,6,0
freesolv,regression,1,3,441,198,rmse,a_full30_lasso,3.433324003425261,30,6,0
freesolv,regression,1,3,441,198,rmse,b_pairwise_lasso,3.504729869531011,7,4,0
freesolv,regression,1,3,441,198,rmse,c_combined_lasso,3.4500366073246633,5,5,0
freesolv,regression,1,3,441,198,rmse,d_full30_rf,3.3913986470644075,30,30,0
freesolv,regression,1,3,441,198,rmse,e_pairwise_rf,3.3726926729696425,7,7,0
freesolv,regression,1,3,441,198,rmse,f_rdkit2d_rf,1.2661624561538416,144,144,0
freesolv,regression,1,3,441,198,rmse,g_mij_rf,3.4407383997080623,10,10,0
freesolv,regression,1,3,441,198,rmse,g_mij_lasso,3.4461210194447562,10,10,0
freesolv,regression,1,4,527,112,rmse,a_full30_lasso,3.040747328937465,30,18,0
freesolv,regression,1,4,527,112,rmse,b_pairwise_lasso,2.857976321301931,8,6,0
freesolv,regression,1,4,527,112,rmse,c_combined_lasso,2.800797290246013,4,4,0
freesolv,regression,1,4,527,112,rmse,d_full30_rf,3.0764599058328543,30,30,0
freesolv,regression,1,4,527,112,rmse,e_pairwise_rf,3.0232622460532372,8,8,0
freesolv,regression,1,4,527,112,rmse,f_rdkit2d_rf,1.231271498406174,150,150,0
freesolv,regression,1,4,527,112,rmse,g_mij_rf,3.0344051884212146,10,10,0
freesolv,regression,1,4,527,112,rmse,g_mij_lasso,2.836529252710402,10,6,0
freesolv,regression,2,0,465,174,rmse,a_full30_lasso,3.032101252603748,30,6,0
freesolv,regression,2,0,465,174,rmse,b_pairwise_lasso,3.0323311446536794,8,3,0
freesolv,regression,2,0,465,174,rmse,c_combined_lasso,2.998288118357933,3,3,0
freesolv,regression,2,0,465,174,rmse,d_full30_rf,2.803025892922679,30,30,0
freesolv,regression,2,0,465,174,rmse,e_pairwise_rf,2.7645522423937225,8,8,0
freesolv,regression,2,0,465,174,rmse,f_rdkit2d_rf,1.0200084577375397,148,148,0
freesolv,regression,2,0,465,174,rmse,g_mij_rf,2.70380605728512,10,10,0
freesolv,regression,2,0,465,174,rmse,g_mij_lasso,2.9197771923228446,10,5,0
freesolv,regression,2,1,514,125,rmse,a_full30_lasso,3.4927906847744072,30,15,0
freesolv,regression,2,1,514,125,rmse,b_pairwise_lasso,3.37308517292515,7,6,0
freesolv,regression,2,1,514,125,rmse,c_combined_lasso,3.4683556775084337,4,3,0
freesolv,regression,2,1,514,125,rmse,d_full30_rf,3.2143982783136886,30,30,0
freesolv,regression,2,1,514,125,rmse,e_pairwise_rf,3.2720578374767326,7,7,0
freesolv,regression,2,1,514,125,rmse,f_rdkit2d_rf,1.1622606405009823,149,149,0
freesolv,regression,2,1,514,125,rmse,g_mij_rf,3.291786713924729,10,10,0
freesolv,regression,2,1,514,125,rmse,g_mij_lasso,3.4430171066165114,10,6,0
freesolv,regression,2,2,485,154,rmse,a_full30_lasso,3.803590395008013,30,18,0
freesolv,regression,2,2,485,154,rmse,b_pairwise_lasso,3.8510981112630875,8,7,0
freesolv,regression,2,2,485,154,rmse,c_combined_lasso,3.8395852201677134,4,4,0
freesolv,regression,2,2,485,154,rmse,d_full30_rf,3.493694905429385,30,30,0
freesolv,regression,2,2,485,154,rmse,e_pairwise_rf,3.5208799861825835,8,8,0
freesolv,regression,2,2,485,154,rmse,f_rdkit2d_rf,1.1267280100831767,150,150,0
freesolv,regression,2,2,485,154,rmse,g_mij_rf,3.7631286980525362,10,10,0
freesolv,regression,2,2,485,154,rmse,g_mij_lasso,3.8524451554983496,10,10,0
freesolv,regression,2,3,552,87,rmse,a_full30_lasso,3.9045778522204824,30,7,0
freesolv,regression,2,3,552,87,rmse,b_pairwise_lasso,3.9305667392592936,8,5,0
freesolv,regression,2,3,552,87,rmse,c_combined_lasso,3.9787455434269026,2,2,0
freesolv,regression,2,3,552,87,rmse,d_full30_rf,3.8250632549919863,30,30,0
freesolv,regression,2,3,552,87,rmse,e_pairwise_rf,3.8392411285316808,8,8,0
freesolv,regression,2,3,552,87,rmse,f_rdkit2d_rf,1.5718570193726107,149,149,0
freesolv,regression,2,3,552,87,rmse,g_mij_rf,3.3783156368153935,10,10,0
freesolv,regression,2,3,552,87,rmse,g_mij_lasso,3.9770265455191454,10,6,0
freesolv,regression,2,4,540,99,rmse,a_full30_lasso,3.5078618342346055,30,17,0
freesolv,regression,2,4,540,99,rmse,b_pairwise_lasso,3.527869086135902,8,7,0
freesolv,regression,2,4,540,99,rmse,c_combined_lasso,3.534968675486317,2,2,0
freesolv,regression,2,4,540,99,rmse,d_full30_rf,3.8844742245103907,30,30,0
freesolv,regression,2,4,540,99,rmse,e_pairwise_rf,3.707981222932665,8,8,0
freesolv,regression,2,4,540,99,rmse,f_rdkit2d_rf,1.4464349314002416,149,149,0
freesolv,regression,2,4,540,99,rmse,g_mij_rf,3.3730211256256553,10,10,0
freesolv,regression,2,4,540,99,rmse,g_mij_lasso,3.5840290639273276,10,6,0
freesolv,regression,3,0,538,101,rmse,a_full30_lasso,3.401604219993813,30,7,0
freesolv,regression,3,0,538,101,rmse,b_pairwise_lasso,3.40559321863931,8,7,0
freesolv,regression,3,0,538,101,rmse,c_combined_lasso,3.385999667227426,4,4,0
freesolv,regression,3,0,538,101,rmse,d_full30_rf,3.039390947877397,30,30,0
freesolv,regression,3,0,538,101,rmse,e_pairwise_rf,3.2606265600521556,8,8,0
freesolv,regression,3,0,538,101,rmse,f_rdkit2d_rf,1.2410874094392674,149,149,0
freesolv,regression,3,0,538,101,rmse,g_mij_rf,3.3456346467673983,10,10,0
freesolv,regression,3,0,538,101,rmse,g_mij_lasso,3.456785935846373,10,6,0
freesolv,regression,3,1,504,135,rmse,a_full30_lasso,3.7461916686605203,30,2,0
freesolv,regression,3,1,504,135,rmse,b_pairwise_lasso,3.759595160684302,8,3,0
freesolv,regression,3,1,504,135,rmse,c_combined_lasso,3.6570617705806834,2,2,0
freesolv,regression,3,1,504,135,rmse,d_full30_rf,3.6200894154760546,30,30,0
freesolv,regression,3,1,504,135,rmse,e_pairwise_rf,3.6029960434625776,8,8,0
freesolv,regression,3,1,504,135,rmse,f_rdkit2d_rf,1.1432085063763604,149,149,0
freesolv,regression,3,1,504,135,rmse,g_mij_rf,3.529583986856391,10,10,0
freesolv,regression,3,1,504,135,rmse,g_mij_lasso,3.661363716527853,10,9,0
freesolv,regression,3,2,486,153,rmse,a_full30_lasso,3.2680169185093804,30,8,0
freesolv,regression,3,2,486,153,rmse,b_pairwise_lasso,3.2646038107488007,8,7,0
freesolv,regression,3,2,486,153,rmse,c_combined_lasso,3.237723843421709,4,4,0
freesolv,regression,3,2,486,153,rmse,d_full30_rf,3.535169894723045,30,30,0
freesolv,regression,3,2,486,153,rmse,e_pairwise_rf,3.390373071777288,8,8,0
freesolv,regression,3,2,486,153,rmse,f_rdkit2d_rf,1.0673043292266633,149,149,0
freesolv,regression,3,2,486,153,rmse,g_mij_rf,3.660746167145222,10,10,0
freesolv,regression,3,2,486,153,rmse,g_mij_lasso,3.2514135706526157,10,5,0
freesolv,regression,3,3,511,128,rmse,a_full30_lasso,3.1821770331888537,30,12,0
freesolv,regression,3,3,511,128,rmse,b_pairwise_lasso,2.9663254737493716,7,6,0
freesolv,regression,3,3,511,128,rmse,c_combined_lasso,2.9717319154168145,5,5,0
freesolv,regression,3,3,511,128,rmse,d_full30_rf,3.1611701323143038,30,30,0
freesolv,regression,3,3,511,128,rmse,e_pairwise_rf,3.0695935945175865,7,7,0
freesolv,regression,3,3,511,128,rmse,f_rdkit2d_rf,1.1618621138405965,150,150,0
freesolv,regression,3,3,511,128,rmse,g_mij_rf,2.8897488923220798,10,10,0
freesolv,regression,3,3,511,128,rmse,g_mij_lasso,3.0294159981537456,10,5,0
freesolv,regression,3,4,517,122,rmse,a_full30_lasso,4.229245256131153,30,7,0
freesolv,regression,3,4,517,122,rmse,b_pairwise_lasso,4.233265496463071,8,6,0
freesolv,regression,3,4,517,122,rmse,c_combined_lasso,4.29413124013565,2,2,0
freesolv,regression,3,4,517,122,rmse,d_full30_rf,4.081107447963189,30,30,0
freesolv,regression,3,4,517,122,rmse,e_pairwise_rf,4.105516806627797,8,8,0
freesolv,regression,3,4,517,122,rmse,f_rdkit2d_rf,1.335491274915482,149,149,0
freesolv,regression,3,4,517,122,rmse,g_mij_rf,4.092699794589263,10,10,0
freesolv,regression,3,4,517,122,rmse,g_mij_lasso,4.244018703398019,10,6,0
freesolv,regression,4,0,508,131,rmse,a_full30_lasso,4.739492866618695,30,7,0
freesolv,regression,4,0,508,131,rmse,b_pairwise_lasso,4.769033142522314,8,6,0
freesolv,regression,4,0,508,131,rmse,c_combined_lasso,4.795516100674375,3,3,0
freesolv,regression,4,0,508,131,rmse,d_full30_rf,4.531338013931117,30,30,0
freesolv,regression,4,0,508,131,rmse,e_pairwise_rf,4.407198984002674,8,8,0
freesolv,regression,4,0,508,131,rmse,f_rdkit2d_rf,2.413990417996724,147,147,0
freesolv,regression,4,0,508,131,rmse,g_mij_rf,4.698553152512296,10,10,0
freesolv,regression,4,0,508,131,rmse,g_mij_lasso,4.744122332653866,10,9,0
freesolv,regression,4,1,539,100,rmse,a_full30_lasso,3.356963317768137,30,7,0
freesolv,regression,4,1,539,100,rmse,b_pairwise_lasso,3.3747791851082884,8,6,0
freesolv,regression,4,1,539,100,rmse,c_combined_lasso,3.3464902938601764,3,3,0
freesolv,regression,4,1,539,100,rmse,d_full30_rf,3.2255264216671073,30,30,0
freesolv,regression,4,1,539,100,rmse,e_pairwise_rf,3.260282664502142,8,8,0
freesolv,regression,4,1,539,100,rmse,f_rdkit2d_rf,1.3526079478127473,149,149,0
freesolv,regression,4,1,539,100,rmse,g_mij_rf,3.581359373032942,10,10,0
freesolv,regression,4,1,539,100,rmse,g_mij_lasso,3.145111122493687,10,7,0
freesolv,regression,4,2,508,131,rmse,a_full30_lasso,3.2370504434783895,30,17,0
freesolv,regression,4,2,508,131,rmse,b_pairwise_lasso,3.266151350437563,7,7,0
freesolv,regression,4,2,508,131,rmse,c_combined_lasso,3.3532940513127567,3,3,0
freesolv,regression,4,2,508,131,rmse,d_full30_rf,3.1986438576943024,30,30,0
freesolv,regression,4,2,508,131,rmse,e_pairwise_rf,3.2859311456498226,7,7,0
freesolv,regression,4,2,508,131,rmse,f_rdkit2d_rf,1.293743429380425,150,150,0
freesolv,regression,4,2,508,131,rmse,g_mij_rf,3.6859337665304808,10,10,0
freesolv,regression,4,2,508,131,rmse,g_mij_lasso,3.2437155321910986,10,6,0
freesolv,regression,4,3,484,155,rmse,a_full30_lasso,2.7233577116944527,30,7,0
freesolv,regression,4,3,484,155,rmse,b_pairwise_lasso,2.744584210947872,8,6,0
freesolv,regression,4,3,484,155,rmse,c_combined_lasso,2.7444521890840132,3,3,0
freesolv,regression,4,3,484,155,rmse,d_full30_rf,2.752470544396953,30,30,0
freesolv,regression,4,3,484,155,rmse,e_pairwise_rf,2.847764448459798,8,8,0
freesolv,regression,4,3,484,155,rmse,f_rdkit2d_rf,0.8953134409642209,148,148,0
freesolv,regression,4,3,484,155,rmse,g_mij_rf,2.653409985733236,10,10,0
freesolv,regression,4,3,484,155,rmse,g_mij_lasso,2.7653260288645343,10,7,0
freesolv,regression,4,4,517,122,rmse,a_full30_lasso,3.3497653911694996,30,20,0
freesolv,regression,4,4,517,122,rmse,b_pairwise_lasso,3.241166605493968,8,5,0
freesolv,regression,4,4,517,122,rmse,c_combined_lasso,3.3191090262973835,2,2,0
freesolv,regression,4,4,517,122,rmse,d_full30_rf,3.1508365188206167,30,30,0
freesolv,regression,4,4,517,122,rmse,e_pairwise_rf,3.1863061271677253,8,8,0
freesolv,regression,4,4,517,122,rmse,f_rdkit2d_rf,1.111188349052005,149,149,0
freesolv,regression,4,4,517,122,rmse,g_mij_rf,3.0989836495743726,10,10,0
freesolv,regression,4,4,517,122,rmse,g_mij_lasso,3.3034100877645107,10,6,0
lipophilicity,regression,0,0,3368,832,rmse,a_full30_lasso,1.1192788361694666,30,9,0
lipophilicity,regression,0,0,3368,832,rmse,b_pairwise_lasso,1.123765048478241,8,7,0
lipophilicity,regression,0,0,3368,832,rmse,c_combined_lasso,1.1773796158750087,0,0,1
lipophilicity,regression,0,0,3368,832,rmse,d_full30_rf,1.038937616916651,30,30,0
lipophilicity,regression,0,0,3368,832,rmse,e_pairwise_rf,1.0286451523133961,8,8,0
lipophilicity,regression,0,0,3368,832,rmse,f_rdkit2d_rf,0.6923487977939637,170,170,0
lipophilicity,regression,0,0,3368,832,rmse,g_mij_rf,1.157332651414786,10,10,0
lipophilicity,regression,0,0,3368,832,rmse,g_mij_lasso,1.107420548921309,10,7,0
lipophilicity,regression,0,1,3338,862,rmse,a_full30_lasso,1.1336846863508363,30,11,0
lipophilicity,regression,0,1,3338,862,rmse,b_pairwise_lasso,1.139856613652219,8,7,0
lipophilicity,regression,0,1,3338,862,rmse,c_combined_lasso,1.2006398006011543,0,0,1
lipophilicity,regression,0,1,3338,862,rmse,d_full30_rf,1.1072834438109846,30,30,0
lipophilicity,regression,0,1,3338,862,rmse,e_pairwise_rf,1.0993499586043094,8,8,0
lipophilicity,regression,0,1,3338,862,rmse,f_rdkit2d_rf,0.7143657695166786,158,158,0
lipophilicity,regression,0,1,3338,862,rmse,g_mij_rf,1.1271934920263444,10,10,0
lipophilicity,regression,0,1,3338,862,rmse,g_mij_lasso,1.1370049475519157,10,8,0
lipophilicity,regression,0,2,3372,828,rmse,a_full30_lasso,1.1299019548671265,30,18,0
lipophilicity,regression,0,2,3372,828,rmse,b_pairwise_lasso,1.1341747989565103,8,8,0
lipophilicity,regression,0,2,3372,828,rmse,c_combined_lasso,1.2074353671218665,0,0,1
lipophilicity,regression,0,2,3372,828,rmse,d_full30_rf,1.0771166086883088,30,30,0
lipophilicity,regression,0,2,3372,828,rmse,e_pairwise_rf,1.0636837133477048,8,8,0
lipophilicity,regression,0,2,3372,828,rmse,f_rdkit2d_rf,0.6871158421898191,157,157,0
lipophilicity,regression,0,2,3372,828,rmse,g_mij_rf,1.1867651786790707,10,10,0
lipophilicity,regression,0,2,3372,828,rmse,g_mij_lasso,1.1306929796766396,10,9,0
lipophilicity,regression,0,3,3341,859,rmse,a_full30_lasso,1.1499294158874802,30,10,0
lipophilicity,regression,0,3,3341,859,rmse,b_pairwise_lasso,1.154205667723567,8,8,0
lipophilicity,regression,0,3,3341,859,rmse,c_combined_lasso,1.2139215721045507,0,0,1
lipophilicity,regression,0,3,3341,859,rmse,d_full30_rf,1.1216789846090776,30,30,0
lipophilicity,regression,0,3,3341,859,rmse,e_pairwise_rf,1.1250443412221847,8,8,0
lipophilicity,regression,0,3,3341,859,rmse,f_rdkit2d_rf,0.7633074657331521,158,158,0
lipophilicity,regression,0,3,3341,859,rmse,g_mij_rf,1.2069206556724574,10,10,0
lipophilicity,regression,0,3,3341,859,rmse,g_mij_lasso,1.1631619537639808,10,9,0
lipophilicity,regression,0,4,3381,819,rmse,a_full30_lasso,1.1385099964383378,30,10,0
lipophilicity,regression,0,4,3381,819,rmse,b_pairwise_lasso,1.1463814994650556,8,6,0
lipophilicity,regression,0,4,3381,819,rmse,c_combined_lasso,1.2178803083346348,0,0,1
lipophilicity,regression,0,4,3381,819,rmse,d_full30_rf,1.075728365417925,30,30,0
lipophilicity,regression,0,4,3381,819,rmse,e_pairwise_rf,1.07120634889597,8,8,0
lipophilicity,regression,0,4,3381,819,rmse,f_rdkit2d_rf,0.7127735533516265,158,158,0
lipophilicity,regression,0,4,3381,819,rmse,g_mij_rf,1.149575363343106,10,10,0
lipophilicity,regression,0,4,3381,819,rmse,g_mij_lasso,1.1456830592299054,10,9,0
lipophilicity,regression,1,0,3361,839,rmse,a_full30_lasso,1.1364459540762202,30,14,0
lipophilicity,regression,1,0,3361,839,rmse,b_pairwise_lasso,1.1552561819094507,8,5,0
lipophilicity,regression,1,0,3361,839,rmse,c_combined_lasso,1.1765841955973504,0,0,1
lipophilicity,regression,1,0,3361,839,rmse,d_full30_rf,1.0930641645739219,30,30,0
lipophilicity,regression,1,0,3361,839,rmse,e_pairwise_rf,1.0691700722229325,8,8,0
lipophilicity,regression,1,0,3361,839,rmse,f_rdkit2d_rf,0.7071709835939751,158,158,0
lipophilicity,regression,1,0,3361,839,rmse,g_mij_rf,1.1441274213409767,10,10,0
lipophilicity,regression,1,0,3361,839,rmse,g_mij_lasso,1.1562122084024582,10,9,0
lipophilicity,regression,1,1,3369,831,rmse,a_full30_lasso,1.1845310307601518,30,16,0
lipophilicity,regression,1,1,3369,831,rmse,b_pairwise_lasso,1.200973814500758,8,8,0
lipophilicity,regression,1,1,3369,831,rmse,c_combined_lasso,1.2667033416983358,0,0,1
lipophilicity,regression,1,1,3369,831,rmse,d_full30_rf,1.1417449136593785,30,30,0
lipophilicity,regression,1,1,3369,831,rmse,e_pairwise_rf,1.1361181934501439,8,8,0
lipophilicity,regression,1,1,3369,831,rmse,f_rdkit2d_rf,0.7399648070041461,170,170,0
lipophilicity,regression,1,1,3369,831,rmse,g_mij_rf,1.1548369679892898,10,10,0
lipophilicity,regression,1,1,3369,831,rmse,g_mij_lasso,1.1960352019604252,10,9,0
lipophilicity,regression,1,2,3335,865,rmse,a_full30_lasso,1.097479612195527,30,12,0
lipophilicity,regression,1,2,3335,865,rmse,b_pairwise_lasso,1.0976914184016102,8,7,0
lipophilicity,regression,1,2,3335,865,rmse,c_combined_lasso,1.1623741283482727,0,0,1
lipophilicity,regression,1,2,3335,865,rmse,d_full30_rf,1.071128512205517,30,30,0
lipophilicity,regression,1,2,3335,865,rmse,e_pairwise_rf,1.0606987692617367,8,8,0
lipophilicity,regression,1,2,3335,865,rmse,f_rdkit2d_rf,0.6985360988771432,158,158,0
lipophilicity,regression,1,2,3335,865,rmse,g_mij_rf,1.1346664179964956,10,10,0
lipophilicity,regression,1,2,3335,865,rmse,g_mij_lasso,1.0938279944920943,10,8,0
lipophilicity,regression,1,3,3362,838,rmse,a_full30_lasso,1.1446727808725108,30,14,0
lipophilicity,regression,1,3,3362,838,rmse,b_pairwise_lasso,1.1549452626262349,8,6,0
lipophilicity,regression,1,3,3362,838,rmse,c_combined_lasso,1.2353407354038841,0,0,1
lipophilicity,regression,1,3,3362,838,rmse,d_full30_rf,1.062439098072354,30,30,0
lipophilicity,regression,1,3,3362,838,rmse,e_pairwise_rf,1.0564465291214071,8,8,0
lipophilicity,regression,1,3,3362,838,rmse,f_rdkit2d_rf,0.6870243582321884,158,158,0
lipophilicity,regression,1,3,3362,838,rmse,g_mij_rf,1.1549568499029175,10,10,0
lipophilicity,regression,1,3,3362,838,rmse,g_mij_lasso,1.1408786532650574,10,9,0
lipophilicity,regression,1,4,3373,827,rmse,a_full30_lasso,1.0788435239512157,30,14,0
lipophilicity,regression,1,4,3373,827,rmse,b_pairwise_lasso,1.085871048811688,8,6,0
lipophilicity,regression,1,4,3373,827,rmse,c_combined_lasso,1.1718352336681266,0,0,1
lipophilicity,regression,1,4,3373,827,rmse,d_full30_rf,1.074281483324842,30,30,0
lipophilicity,regression,1,4,3373,827,rmse,e_pairwise_rf,1.0600012045549383,8,8,0
lipophilicity,regression,1,4,3373,827,rmse,f_rdkit2d_rf,0.729738207592248,158,158,0
lipophilicity,regression,1,4,3373,827,rmse,g_mij_rf,1.140104140156381,10,10,0
lipophilicity,regression,1,4,3373,827,rmse,g_mij_lasso,1.0869733460284459,10,9,0
lipophilicity,regression,2,0,3376,824,rmse,a_full30_lasso,1.1213656609738487,30,16,0
lipophilicity,regression,2,0,3376,824,rmse,b_pairwise_lasso,1.1231216701468445,8,8,0
lipophilicity,regression,2,0,3376,824,rmse,c_combined_lasso,1.1808018713640853,0,0,1
lipophilicity,regression,2,0,3376,824,rmse,d_full30_rf,1.06707089104943,30,30,0
lipophilicity,regression,2,0,3376,824,rmse,e_pairwise_rf,1.0498089800937462,8,8,0
lipophilicity,regression,2,0,3376,824,rmse,f_rdkit2d_rf,0.6850398186199841,157,157,0
lipophilicity,regression,2,0,3376,824,rmse,g_mij_rf,1.1524724433183233,10,10,0
lipophilicity,regression,2,0,3376,824,rmse,g_mij_lasso,1.1082597587206184,10,8,0
lipophilicity,regression,2,1,3364,836,rmse,a_full30_lasso,1.1363894833894326,30,10,0
lipophilicity,regression,2,1,3364,836,rmse,b_pairwise_lasso,1.1429166717974875,8,7,0
lipophilicity,regression,2,1,3364,836,rmse,c_combined_lasso,1.2262564470525257,0,0,1
lipophilicity,regression,2,1,3364,836,rmse,d_full30_rf,1.0949851212836395,30,30,0
lipophilicity,regression,2,1,3364,836,rmse,e_pairwise_rf,1.0938055969830838,8,8,0
lipophilicity,regression,2,1,3364,836,rmse,f_rdkit2d_rf,0.717458671447704,170,170,0
lipophilicity,regression,2,1,3364,836,rmse,g_mij_rf,1.1781324011710406,10,10,0
lipophilicity,regression,2,1,3364,836,rmse,g_mij_lasso,1.1454129870647172,10,9,0
lipophilicity,regression,2,2,3348,852,rmse,a_full30_lasso,1.129387077322319,30,18,0
lipophilicity,regression,2,2,3348,852,rmse,b_pairwise_lasso,1.1402520719225575,8,7,0
lipophilicity,regression,2,2,3348,852,rmse,c_combined_lasso,1.1971182075211462,0,0,1
lipophilicity,regression,2,2,3348,852,rmse,d_full30_rf,1.0908735194128516,30,30,0
lipophilicity,regression,2,2,3348,852,rmse,e_pairwise_rf,1.079464417040855,8,8,0
lipophilicity,regression,2,2,3348,852,rmse,f_rdkit2d_rf,0.7242842836781351,158,158,0
lipophilicity,regression,2,2,3348,852,rmse,g_mij_rf,1.1548581268203488,10,10,0
lipophilicity,regression,2,2,3348,852,rmse,g_mij_lasso,1.1433254084227324,10,8,0
lipophilicity,regression,2,3,3356,844,rmse,a_full30_lasso,1.145384690320478,30,14,0
lipophilicity,regression,2,3,3356,844,rmse,b_pairwise_lasso,1.156706809737845,8,5,0
lipophilicity,regression,2,3,3356,844,rmse,c_combined_lasso,1.2278381001609597,0,0,1
lipophilicity,regression,2,3,3356,844,rmse,d_full30_rf,1.0981407887597678,30,30,0
lipophilicity,regression,2,3,3356,844,rmse,e_pairwise_rf,1.0904293081403036,8,8,0
lipophilicity,regression,2,3,3356,844,rmse,f_rdkit2d_rf,0.7494878858276764,158,158,0
lipophilicity,regression,2,3,3356,844,rmse,g_mij_rf,1.1595577625146571,10,10,0
lipophilicity,regression,2,3,3356,844,rmse,g_mij_lasso,1.1581262428220118,10,9,0
lipophilicity,regression,2,4,3356,844,rmse,a_full30_lasso,1.1220200266979308,30,11,0
lipophilicity,regression,2,4,3356,844,rmse,b_pairwise_lasso,1.128400369709004,8,7,0
lipophilicity,regression,2,4,3356,844,rmse,c_combined_lasso,1.1829423987797876,0,0,1
lipophilicity,regression,2,4,3356,844,rmse,d_full30_rf,1.053345026814875,30,30,0
lipophilicity,regression,2,4,3356,844,rmse,e_pairwise_rf,1.0604816746776513,8,8,0
lipophilicity,regression,2,4,3356,844,rmse,f_rdkit2d_rf,0.6945416758862072,158,158,0
lipophilicity,regression,2,4,3356,844,rmse,g_mij_rf,1.0953786388085076,10,10,0
lipophilicity,regression,2,4,3356,844,rmse,g_mij_lasso,1.1210936855391207,10,8,0
lipophilicity,regression,3,0,3351,849,rmse,a_full30_lasso,1.1696477358857509,30,10,0
lipophilicity,regression,3,0,3351,849,rmse,b_pairwise_lasso,1.1759665309228458,8,7,0
lipophilicity,regression,3,0,3351,849,rmse,c_combined_lasso,1.2669769169496539,0,0,1
lipophilicity,regression,3,0,3351,849,rmse,d_full30_rf,1.1211887619602825,30,30,0
lipophilicity,regression,3,0,3351,849,rmse,e_pairwise_rf,1.1009444730929296,8,8,0
lipophilicity,regression,3,0,3351,849,rmse,f_rdkit2d_rf,0.732105027165463,158,158,0
lipophilicity,regression,3,0,3351,849,rmse,g_mij_rf,1.1682652982956951,10,10,0
lipophilicity,regression,3,0,3351,849,rmse,g_mij_lasso,1.1880151766156175,10,9,0
lipophilicity,regression,3,1,3379,821,rmse,a_full30_lasso,1.100938866990517,30,19,0
lipophilicity,regression,3,1,3379,821,rmse,b_pairwise_lasso,1.1137497699949384,8,6,0
lipophilicity,regression,3,1,3379,821,rmse,c_combined_lasso,1.1680220452358472,0,0,1
lipophilicity,regression,3,1,3379,821,rmse,d_full30_rf,1.0542443576742744,30,30,0
lipophilicity,regression,3,1,3379,821,rmse,e_pairwise_rf,1.058803113937548,8,8,0
lipophilicity,regression,3,1,3379,821,rmse,f_rdkit2d_rf,0.7157016568767903,170,170,0
lipophilicity,regression,3,1,3379,821,rmse,g_mij_rf,1.1479218104875377,10,10,0
lipophilicity,regression,3,1,3379,821,rmse,g_mij_lasso,1.103202776349602,10,9,0
lipophilicity,regression,3,2,3340,860,rmse,a_full30_lasso,1.120863499600195,30,20,0
lipophilicity,regression,3,2,3340,860,rmse,b_pairwise_lasso,1.1248792278619555,8,8,0
lipophilicity,regression,3,2,3340,860,rmse,c_combined_lasso,1.1930406816917074,0,0,1
lipophilicity,regression,3,2,3340,860,rmse,d_full30_rf,1.0572207652063002,30,30,0
lipophilicity,regression,3,2,3340,860,rmse,e_pairwise_rf,1.0474931195957446,8,8,0
lipophilicity,regression,3,2,3340,860,rmse,f_rdkit2d_rf,0.7068623926856016,158,158,0
lipophilicity,regression,3,2,3340,860,rmse,g_mij_rf,1.0817107079808344,10,10,0
lipophilicity,regression,3,2,3340,860,rmse,g_mij_lasso,1.1066766647023045,10,8,0
lipophilicity,regression,3,3,3353,847,rmse,a_full30_lasso,1.0919076032497137,30,11,0
lipophilicity,regression,3,3,3353,847,rmse,b_pairwise_lasso,1.1011967368519668,8,7,0
lipophilicity,regression,3,3,3353,847,rmse,c_combined_lasso,1.155549612276342,0,0,1
lipophilicity,regression,3,3,3353,847,rmse,d_full30_rf,1.0661874052727196,30,30,0
lipophilicity,regression,3,3,3353,847,rmse,e_pairwise_rf,1.0673931725204526,8,8,0
lipophilicity,regression,3,3,3353,847,rmse,f_rdkit2d_rf,0.6915002353021749,158,158,0
lipophilicity,regression,3,3,3353,847,rmse,g_mij_rf,1.1509064175903043,10,10,0
lipophilicity,regression,3,3,3353,847,rmse,g_mij_lasso,1.0953799110498517,10,9,0
lipophilicity,regression,3,4,3377,823,rmse,a_full30_lasso,1.1699249003983034,30,18,0
lipophilicity,regression,3,4,3377,823,rmse,b_pairwise_lasso,1.1834404891995625,8,7,0
lipophilicity,regression,3,4,3377,823,rmse,c_combined_lasso,1.2274104173284324,0,0,1
lipophilicity,regression,3,4,3377,823,rmse,d_full30_rf,1.1208375590768598,30,30,0
lipophilicity,regression,3,4,3377,823,rmse,e_pairwise_rf,1.1275680415027014,8,8,0
lipophilicity,regression,3,4,3377,823,rmse,f_rdkit2d_rf,0.7237343359763768,158,158,0
lipophilicity,regression,3,4,3377,823,rmse,g_mij_rf,1.1917653775213837,10,10,0
lipophilicity,regression,3,4,3377,823,rmse,g_mij_lasso,1.1772913134608498,10,9,0
lipophilicity,regression,4,0,3370,830,rmse,a_full30_lasso,1.0734056274931414,30,18,0
lipophilicity,regression,4,0,3370,830,rmse,b_pairwise_lasso,1.087235377717669,8,6,0
lipophilicity,regression,4,0,3370,830,rmse,c_combined_lasso,1.1575679679398316,0,0,1
lipophilicity,regression,4,0,3370,830,rmse,d_full30_rf,1.065872090495979,30,30,0
lipophilicity,regression,4,0,3370,830,rmse,e_pairwise_rf,1.065271571739549,8,8,0
lipophilicity,regression,4,0,3370,830,rmse,f_rdkit2d_rf,0.6882900018254325,170,170,0
lipophilicity,regression,4,0,3370,830,rmse,g_mij_rf,1.112415968663723,10,10,0
lipophilicity,regression,4,0,3370,830,rmse,g_mij_lasso,1.0869100660861357,10,8,0
lipophilicity,regression,4,1,3364,836,rmse,a_full30_lasso,1.1484196263941329,30,9,0
lipophilicity,regression,4,1,3364,836,rmse,b_pairwise_lasso,1.1556572899156072,8,7,0
lipophilicity,regression,4,1,3364,836,rmse,c_combined_lasso,1.2184196862314105,0,0,1
lipophilicity,regression,4,1,3364,836,rmse,d_full30_rf,1.0693381444951935,30,30,0
lipophilicity,regression,4,1,3364,836,rmse,e_pairwise_rf,1.0629303371335281,8,8,0
lipophilicity,regression,4,1,3364,836,rmse,f_rdkit2d_rf,0.7068223938397378,158,158,0
lipophilicity,regression,4,1,3364,836,rmse,g_mij_rf,1.1133412117305885,10,10,0
lipophilicity,regression,4,1,3364,836,rmse,g_mij_lasso,1.1561944076556023,10,9,0
lipophilicity,regression,4,2,3329,871,rmse,a_full30_lasso,1.1553189760158644,30,12,0
lipophilicity,regression,4,2,3329,871,rmse,b_pairwise_lasso,1.1572947783518148,8,7,0
lipophilicity,regression,4,2,3329,871,rmse,c_combined_lasso,1.231304090432617,1,1,0
lipophilicity,regression,4,2,3329,871,rmse,d_full30_rf,1.1233825806337099,30,30,0
lipophilicity,regression,4,2,3329,871,rmse,e_pairwise_rf,1.1034914758229761,8,8,0
lipophilicity,regression,4,2,3329,871,rmse,f_rdkit2d_rf,0.7105506282224601,156,156,0
lipophilicity,regression,4,2,3329,871,rmse,g_mij_rf,1.1958038492576846,10,10,0
lipophilicity,regression,4,2,3329,871,rmse,g_mij_lasso,1.1534993787931664,10,9,0
lipophilicity,regression,4,3,3356,844,rmse,a_full30_lasso,1.1370367229722849,30,18,0
lipophilicity,regression,4,3,3356,844,rmse,b_pairwise_lasso,1.1572826539579844,8,8,0
lipophilicity,regression,4,3,3356,844,rmse,c_combined_lasso,1.2326855873039089,0,0,1
lipophilicity,regression,4,3,3356,844,rmse,d_full30_rf,1.1198175215075008,30,30,0
lipophilicity,regression,4,3,3356,844,rmse,e_pairwise_rf,1.1178554738693893,8,8,0
lipophilicity,regression,4,3,3356,844,rmse,f_rdkit2d_rf,0.7564329957039737,158,158,0
lipophilicity,regression,4,3,3356,844,rmse,g_mij_rf,1.1561750618144928,10,10,0
lipophilicity,regression,4,3,3356,844,rmse,g_mij_lasso,1.1510045863623182,10,7,0
lipophilicity,regression,4,4,3381,819,rmse,a_full30_lasso,1.1234761890988156,30,16,0
lipophilicity,regression,4,4,3381,819,rmse,b_pairwise_lasso,1.133690612155554,8,7,0
lipophilicity,regression,4,4,3381,819,rmse,c_combined_lasso,1.1940266232535495,0,0,1
lipophilicity,regression,4,4,3381,819,rmse,d_full30_rf,1.091191472808472,30,30,0
lipophilicity,regression,4,4,3381,819,rmse,e_pairwise_rf,1.078162389494733,8,8,0
lipophilicity,regression,4,4,3381,819,rmse,f_rdkit2d_rf,0.7262355803493986,158,158,0
lipophilicity,regression,4,4,3381,819,rmse,g_mij_rf,1.1364040368604083,10,10,0
lipophilicity,regression,4,4,3381,819,rmse,g_mij_lasso,1.1313437567250852,10,9,0
bbbp,classification,0,0,1564,391,roc_auc,a_full30_lasso,0.8201977606514469,30,28,0
bbbp,classification,0,0,1564,391,roc_auc,b_pairwise_lasso,0.8156172749745529,6,5,0
bbbp,classification,0,0,1564,391,roc_auc,c_combined_lasso,0.8149992729387815,4,4,0
bbbp,classification,0,0,1564,391,roc_auc,d_full30_rf,0.8529700450777955,30,30,0
bbbp,classification,0,0,1564,391,roc_auc,e_pairwise_rf,0.8677475643449178,6,6,0
bbbp,classification,0,0,1564,391,roc_auc,f_rdkit2d_rf,0.9626290533662936,172,172,0
bbbp,classification,0,0,1564,391,roc_auc,g_mij_rf,0.8807256070961175,10,10,0
bbbp,classification,0,0,1564,391,roc_auc,g_mij_lasso,0.8450814308564781,10,9,0
bbbp,classification,0,1,1564,391,roc_auc,a_full30_lasso,0.7679402355678348,30,30,0
bbbp,classification,0,1,1564,391,roc_auc,b_pairwise_lasso,0.8102733750181764,6,6,0
bbbp,classification,0,1,1564,391,roc_auc,c_combined_lasso,0.8058746546459211,4,4,0
bbbp,classification,0,1,1564,391,roc_auc,d_full30_rf,0.8171986331249093,30,30,0
bbbp,classification,0,1,1564,391,roc_auc,e_pairwise_rf,0.8237603606223644,6,6,0
bbbp,classification,0,1,1564,391,roc_auc,f_rdkit2d_rf,0.8881052784644468,173,173,0
bbbp,classification,0,1,1564,391,roc_auc,g_mij_rf,0.8143449178420823,10,10,0
bbbp,classification,0,1,1564,391,roc_auc,g_mij_lasso,0.7551257815908101,10,7,0
bbbp,classification,0,2,1564,391,roc_auc,a_full30_lasso,0.8439726624981823,30,30,0
bbbp,classification,0,2,1564,391,roc_auc,b_pairwise_lasso,0.8073287770830304,6,6,0
bbbp,classification,0,2,1564,391,roc_auc,c_combined_lasso,0.8040388250690709,4,4,0
bbbp,classification,0,2,1564,391,roc_auc,d_full30_rf,0.8400647084484514,30,30,0
bbbp,classification,0,2,1564,391,roc_auc,e_pairwise_rf,0.8394103533517522,6,6,0
bbbp,classification,0,2,1564,391,roc_auc,f_rdkit2d_rf,0.9441253453540789,173,173,0
bbbp,classification,0,2,1564,391,roc_auc,g_mij_rf,0.8598953031845282,10,10,0
bbbp,classification,0,2,1564,391,roc_auc,g_mij_lasso,0.8187981678057293,10,8,0
bbbp,classification,0,3,1564,391,roc_auc,a_full30_lasso,0.8156527386880277,30,29,0
bbbp,classification,0,3,1564,391,roc_auc,b_pairwise_lasso,0.7952298477303891,6,6,0
bbbp,classification,0,3,1564,391,roc_auc,c_combined_lasso,0.7976113155805731,4,4,0
bbbp,classification,0,3,1564,391,roc_auc,d_full30_rf,0.8222739409684636,30,30,0
bbbp,classification,0,3,1564,391,roc_auc,e_pairwise_rf,0.8637511726925019,6,6,0
bbbp,classification,0,3,1564,391,roc_auc,f_rdkit2d_rf,0.928104928916793,172,172,0
bbbp,classification,0,3,1564,391,roc_auc,g_mij_rf,0.8406581511149599,10,10,0
bbbp,classification,0,3,1564,391,roc_auc,g_mij_lasso,0.7968535758100599,10,10,0
bbbp,classification,0,4,1564,391,roc_auc,a_full30_lasso,0.7798276864912025,30,30,0
bbbp,classification,0,4,1564,391,roc_auc,b_pairwise_lasso,0.7323142358586592,6,6,0
bbbp,classification,0,4,1564,391,roc_auc,c_combined_lasso,0.7380943725461684,4,4,0
bbbp,classification,0,4,1564,391,roc_auc,d_full30_rf,0.8349389268576414,30,30,0
bbbp,classification,0,4,1564,391,roc_auc,e_pairwise_rf,0.8507161553002762,6,6,0
bbbp,classification,0,4,1564,391,roc_auc,f_rdkit2d_rf,0.9420350443507344,172,172,0
bbbp,classification,0,4,1564,391,roc_auc,g_mij_rf,0.8409735349716447,10,10,0
bbbp,classification,0,4,1564,391,roc_auc,g_mij_lasso,0.7743383742911153,10,10,0
bbbp,classification,1,0,1564,391,roc_auc,a_full30_lasso,0.7923694925112694,30,21,0
bbbp,classification,1,0,1564,391,roc_auc,b_pairwise_lasso,0.7770285007997673,6,6,0
bbbp,classification,1,0,1564,391,roc_auc,c_combined_lasso,0.7783917405845572,4,4,0
bbbp,classification,1,0,1564,391,roc_auc,d_full30_rf,0.8613130725607097,30,30,0
bbbp,classification,1,0,1564,391,roc_auc,e_pairwise_rf,0.862876254180602,6,6,0
bbbp,classification,1,0,1564,391,roc_auc,f_rdkit2d_rf,0.9389632107023411,172,172,0
bbbp,classification,1,0,1564,391,roc_auc,g_mij_rf,0.8289043187436382,10,10,0
bbbp,classification,1,0,1564,391,roc_auc,g_mij_lasso,0.7829540497309874,10,10,0
bbbp,classification,1,1,1564,391,roc_auc,a_full30_lasso,0.8043660026174204,30,30,0
bbbp,classification,1,1,1564,391,roc_auc,b_pairwise_lasso,0.7739021375599825,6,5,0
bbbp,classification,1,1,1564,391,roc_auc,c_combined_lasso,0.7804820415879017,4,4,0
bbbp,classification,1,1,1564,391,roc_auc,d_full30_rf,0.8296313799621928,30,30,0
bbbp,classification,1,1,1564,391,roc_auc,e_pairwise_rf,0.8465173767631234,6,6,0
bbbp,classification,1,1,1564,391,roc_auc,f_rdkit2d_rf,0.9525774320197762,173,173,0
bbbp,classification,1,1,1564,391,roc_auc,g_mij_rf,0.8570052348407735,10,10,0
bbbp,classification,1,1,1564,391,roc_auc,g_mij_lasso,0.7891885996800931,10,8,0
bbbp,classification,1,2,1564,391,roc_auc,a_full30_lasso,0.8176733780760627,30,30,0
bbbp,classification,1,2,1564,391,roc_auc,b_pairwise_lasso,0.7860287219455871,6,6,0
bbbp,classification,1,2,1564,391,roc_auc,c_combined_lasso,0.7850905679439993,4,4,0
bbbp,classification,1,2,1564,391,roc_auc,d_full30_rf,0.8112145486035939,30,30,0
bbbp,classification,1,2,1564,391,roc_auc,e_pairwise_rf,0.8239878761636719,6,6,0
bbbp,classification,1,2,1564,391,roc_auc,f_rdkit2d_rf,0.9303420653821173,173,173,0
bbbp,classification,1,2,1564,391,roc_auc,g_mij_rf,0.828913184672007,10,10,0
bbbp,classification,1,2,1564,391,roc_auc,g_mij_lasso,0.8258461427437397,10,10,0
bbbp,classification,1,3,1564,391,roc_auc,a_full30_lasso,0.7665951723135088,30,30,0
bbbp,classification,1,3,1564,391,roc_auc,b_pairwise_lasso,0.762941689690272,7,5,0
bbbp,classification,1,3,1564,391,roc_auc,c_combined_lasso,0.7626145121419224,4,4,0
bbbp,classification,1,3,1564,391,roc_auc,d_full30_rf,0.7935146139304929,30,30,0
bbbp,classification,1,3,1564,391,roc_auc,e_pairwise_rf,0.8201432310600553,7,7,0
bbbp,classification,1,3,1564,391,roc_auc,f_rdkit2d_rf,0.9128617129562309,173,173,0
bbbp,classification,1,3,1564,391,roc_auc,g_mij_rf,0.8183074014832048,10,10,0
bbbp,classification,1,3,1564,391,roc_auc,g_mij_lasso,0.7510178857059764,10,9,0
bbbp,classification,1,4,1564,391,roc_auc,a_full30_lasso,0.8681656245455868,30,30,0
bbbp,classification,1,4,1564,391,roc_auc,b_pairwise_lasso,0.8337392758470263,6,6,0
bbbp,classification,1,4,1564,391,roc_auc,c_combined_lasso,0.836211283990112,4,4,0
bbbp,classification,1,4,1564,391,roc_auc,d_full30_rf,0.8552966409771703,30,30,0
bbbp,classification,1,4,1564,391,roc_auc,e_pairwise_rf,0.8660571470117783,6,6,0
bbbp,classification,1,4,1564,391,roc_auc,f_rdkit2d_rf,0.9397266249818235,171,171,0
bbbp,classification,1,4,1564,391,roc_auc,g_mij_rf,0.8552602879162425,10,10,0
bbbp,classification,1,4,1564,391,roc_auc,g_mij_lasso,0.851715864475789,10,10,0
bbbp,classification,2,0,1564,391,roc_auc,a_full30_lasso,0.8062927148465902,30,26,0
bbbp,classification,2,0,1564,391,roc_auc,b_pairwise_lasso,0.7773556783481168,6,6,0
bbbp,classification,2,0,1564,391,roc_auc,c_combined_lasso,0.7821906354515049,4,4,0
bbbp,classification,2,0,1564,391,roc_auc,d_full30_rf,0.829613203431729,30,30,0
bbbp,classification,2,0,1564,391,roc_auc,e_pairwise_rf,0.864912025592555,6,6,0
bbbp,classification,2,0,1564,391,roc_auc,f_rdkit2d_rf,0.9262941689690272,172,172,0
bbbp,classification,2,0,1564,391,roc_auc,g_mij_rf,0.8395557655954631,10,10,0
bbbp,classification,2,0,1564,391,roc_auc,g_mij_lasso,0.8009306383597499,10,9,0
bbbp,classification,2,1,1564,391,roc_auc,a_full30_lasso,0.8196161116766032,30,30,0
bbbp,classification,2,1,1564,391,roc_auc,b_pairwise_lasso,0.810891377053948,6,6,0
bbbp,classification,2,1,1564,391,roc_auc,c_combined_lasso,0.8058928311763851,4,4,0
bbbp,classification,2,1,1564,391,roc_auc,d_full30_rf,0.816962338228879,30,30,0
bbbp,classification,2,1,1564,391,roc_auc,e_pairwise_rf,0.8412643594590664,6,6,0
bbbp,classification,2,1,1564,391,roc_auc,f_rdkit2d_rf,0.9245855751054237,173,173,0
bbbp,classification,2,1,1564,391,roc_auc,g_mij_rf,0.8423004216955068,10,10,0
bbbp,classification,2,1,1564,391,roc_auc,g_mij_lasso,0.8004944016286172,10,10,0
bbbp,classification,2,2,1564,391,roc_auc,a_full30_lasso,0.8263596044786972,30,19,0
bbbp,classification,2,2,1564,391,roc_auc,b_pairwise_lasso,0.8104006107314236,6,6,0
bbbp,classification,2,2,1564,391,roc_auc,c_combined_lasso,0.813563327032136,4,4,0
bbbp,classification,2,2,1564,391,roc_auc,d_full30_rf,0.8439181329067909,30,30,0
bbbp,classification,2,2,1564,391,roc_auc,e_pairwise_rf,0.84400901555911,6,6,0
bbbp,classification,2,2,1564,391,roc_auc,f_rdkit2d_rf,0.9321833648393194,173,173,0
bbbp,classification,2,2,1564,391,roc_auc,g_mij_rf,0.8481350879744074,10,10,0
bbbp,classification,2,2,1564,391,roc_auc,g_mij_lasso,0.8253962483641123,10,10,0
bbbp,classification,2,3,1564,391,roc_auc,a_full30_lasso,0.824078083279209,30,30,0
bbbp,classification,2,3,1564,391,roc_auc,b_pairwise_lasso,0.7919102258786173,6,6,0
bbbp,classification,2,3,1564,391,roc_auc,c_combined_lasso,0.7896009237208631,4,4,0
bbbp,classification,2,3,1564,391,roc_auc,d_full30_rf,0.8198203074258498,30,30,0
bbbp,classification,2,3,1564,391,roc_auc,e_pairwise_rf,0.8631197228837411,6,6,0
bbbp,classification,2,3,1564,391,roc_auc,f_rdkit2d_rf,0.9682651367539872,172,172,0
bbbp,classification,2,3,1564,391,roc_auc,g_mij_rf,0.861532077650285,10,10,0
bbbp,classification,2,3,1564,391,roc_auc,g_mij_lasso,0.8033845709749584,10,10,0
bbbp,classification,2,4,1564,391,roc_auc,a_full30_lasso,0.7694670641267995,30,30,0
bbbp,classification,2,4,1564,391,roc_auc,b_pairwise_lasso,0.7662134651737676,6,5,0
bbbp,classification,2,4,1564,391,roc_auc,c_combined_lasso,0.7660498763995929,4,4,0
bbbp,classification,2,4,1564,391,roc_auc,d_full30_rf,0.8136905627453832,30,30,0
bbbp,classification,2,4,1564,391,roc_auc,e_pairwise_rf,0.832848625854297,6,6,0
bbbp,classification,2,4,1564,391,roc_auc,f_rdkit2d_rf,0.9243129271484659,173,173,0
bbbp,classification,2,4,1564,391,roc_auc,g_mij_rf,0.8104733168532791,10,10,0
bbbp,classification,2,4,1564,391,roc_auc,g_mij_lasso,0.7897884251854007,10,6,0
bbbp,classification,3,0,1564,391,roc_auc,a_full30_lasso,0.7854260578740729,30,16,0
bbbp,classification,3,0,1564,391,roc_auc,b_pairwise_lasso,0.7878253598953031,6,6,0
bbbp,classification,3,0,1564,391,roc_auc,c_combined_lasso,0.7930420241384325,4,4,0
bbbp,classification,3,0,1564,391,roc_auc,d_full30_rf,0.8250145412243711,30,30,0
bbbp,classification,3,0,1564,391,roc_auc,e_pairwise_rf,0.8545150501672242,6,6,0
bbbp,classification,3,0,1564,391,roc_auc,f_rdkit2d_rf,0.9433074014832049,172,172,0
bbbp,classification,3,0,1564,391,roc_auc,g_mij_rf,0.8532063399738259,10,10,0
bbbp,classification,3,0,1564,391,roc_auc,g_mij_lasso,0.7929693180165769,10,8,0
bbbp,classification,3,1,1564,391,roc_auc,a_full30_lasso,0.7950133506530994,30,30,0
bbbp,classification,3,1,1564,391,roc_auc,b_pairwise_lasso,0.7958071732698275,6,6,0
bbbp,classification,3,1,1564,391,roc_auc,c_combined_lasso,0.7939128238435447,4,4,0
bbbp,classification,3,1,1564,391,roc_auc,d_full30_rf,0.8255213971278055,30,30,0
bbbp,classification,3,1,1564,391,roc_auc,e_pairwise_rf,0.8325214692934979,6,6,0
bbbp,classification,3,1,1564,391,roc_auc,f_rdkit2d_rf,0.9021072382189508,173,173,0
bbbp,classification,3,1,1564,391,roc_auc,g_mij_rf,0.8339106588727718,10,10,0
bbbp,classification,3,1,1564,391,roc_auc,g_mij_lasso,0.8071913112506315,10,9,0
bbbp,classification,3,2,1564,391,roc_auc,a_full30_lasso,0.8264141340700887,30,30,0
bbbp,classification,3,2,1564,391,roc_auc,b_pairwise_lasso,0.8135815035626,6,6,0
bbbp,classification,3,2,1564,391,roc_auc,c_combined_lasso,0.8165988076196016,4,4,0
bbbp,classification,3,2,1564,391,roc_auc,d_full30_rf,0.8595863021666424,30,30,0
bbbp,classification,3,2,1564,391,roc_auc,e_pairwise_rf,0.8611494837865348,6,6,0
bbbp,classification,3,2,1564,391,roc_auc,f_rdkit2d_rf,0.9365820852115748,173,173,0
bbbp,classification,3,2,1564,391,roc_auc,g_mij_rf,0.8574778246328341,10,10,0
bbbp,classification,3,2,1564,391,roc_auc,g_mij_lasso,0.8161989239493965,10,10,0
bbbp,classification,3,3,1564,391,roc_auc,a_full30_lasso,0.7709757161553004,30,26,0
bbbp,classification,3,3,1564,391,roc_auc,b_pairwise_lasso,0.7212447288061656,6,6,0
bbbp,classification,3,3,1564,391,roc_auc,c_combined_lasso,0.7218263777810092,4,4,0
bbbp,classification,3,3,1564,391,roc_auc,d_full30_rf,0.7847171731859823,30,30,0
bbbp,classification,3,3,1564,391,roc_auc,e_pairwise_rf,0.8082557801366875,6,6,0
bbbp,classification,3,3,1564,391,roc_auc,f_rdkit2d_rf,0.936836556638069,172,172,0
bbbp,classification,3,3,1564,391,roc_auc,g_mij_rf,0.8009669914206776,10,10,0
bbbp,classification,3,3,1564,391,roc_auc,g_mij_lasso,0.7495092336774757,10,8,0
bbbp,classification,3,4,1564,391,roc_auc,a_full30_lasso,0.8744728806165479,30,22,0
bbbp,classification,3,4,1564,391,roc_auc,b_pairwise_lasso,0.8420095972080848,6,5,0
bbbp,classification,3,4,1564,391,roc_auc,c_combined_lasso,0.8424458339392177,4,4,0
bbbp,classification,3,4,1564,391,roc_auc,d_full30_rf,0.8461356696233824,30,30,0
bbbp,classification,3,4,1564,391,roc_auc,e_pairwise_rf,0.8754725897920604,6,6,0
bbbp,classification,3,4,1564,391,roc_auc,f_rdkit2d_rf,0.9646284717173187,173,173,0
bbbp,classification,3,4,1564,391,roc_auc,g_mij_rf,0.8631852551984878,10,10,0
bbbp,classification,3,4,1564,391,roc_auc,g_mij_lasso,0.847644321651883,10,7,0
bbbp,classification,4,0,1564,391,roc_auc,a_full30_lasso,0.8487046258208848,30,30,0
bbbp,classification,4,0,1564,391,roc_auc,b_pairwise_lasso,0.8309338240600418,6,5,0
bbbp,classification,4,0,1564,391,roc_auc,c_combined_lasso,0.8375730677635851,4,4,0
bbbp,classification,4,0,1564,391,roc_auc,d_full30_rf,0.8700115465107887,30,30,0
bbbp,classification,4,0,1564,391,roc_auc,e_pairwise_rf,0.8836147795338096,6,6,0
bbbp,classification,4,0,1564,391,roc_auc,f_rdkit2d_rf,0.94719275456448,173,173,0
bbbp,classification,4,0,1564,391,roc_auc,g_mij_rf,0.8596738110702171,10,10,0
bbbp,classification,4,0,1564,391,roc_auc,g_mij_lasso,0.8467200692790646,10,10,0
bbbp,classification,4,1,1564,391,roc_auc,a_full30_lasso,0.784898938490621,30,30,0
bbbp,classification,4,1,1564,391,roc_auc,b_pairwise_lasso,0.7844627017594881,6,6,0
bbbp,classification,4,1,1564,391,roc_auc,c_combined_lasso,0.781645339537589,4,4,0
bbbp,classification,4,1,1564,391,roc_auc,d_full30_rf,0.80469318016577,30,30,0
bbbp,classification,4,1,1564,391,roc_auc,e_pairwise_rf,0.8127453831612621,6,6,0
bbbp,classification,4,1,1564,391,roc_auc,f_rdkit2d_rf,0.9435618729096988,172,172,0
bbbp,classification,4,1,1564,391,roc_auc,g_mij_rf,0.8176712229169696,10,10,0
bbbp,classification,4,1,1564,391,roc_auc,g_mij_lasso,0.7518540061073142,10,8,0
bbbp,classification,4,2,1564,391,roc_auc,a_full30_lasso,0.8096553729824051,30,27,0
bbbp,classification,4,2,1564,391,roc_auc,b_pairwise_lasso,0.7734840773593137,6,6,0
bbbp,classification,4,2,1564,391,roc_auc,c_combined_lasso,0.7693580049440163,4,4,0
bbbp,classification,4,2,1564,391,roc_auc,d_full30_rf,0.8350116329794969,30,30,0
bbbp,classification,4,2,1564,391,roc_auc,e_pairwise_rf,0.8454813145266832,6,6,0
bbbp,classification,4,2,1564,391,roc_auc,f_rdkit2d_rf,0.9187690853569871,173,173,0
bbbp,classification,4,2,1564,391,roc_auc,g_mij_rf,0.8356296350152683,10,10,0
bbbp,classification,4,2,1564,391,roc_auc,g_mij_lasso,0.8012578159080995,10,8,0
bbbp,classification,4,3,1564,391,roc_auc,a_full30_lasso,0.7589246764577577,30,14,0
bbbp,classification,4,3,1564,391,roc_auc,b_pairwise_lasso,0.7558710193398285,6,6,0
bbbp,classification,4,3,1564,391,roc_auc,c_combined_lasso,0.7617783917405845,4,4,0
bbbp,classification,4,3,1564,391,roc_auc,d_full30_rf,0.8389741166206195,30,30,0
bbbp,classification,4,3,1564,391,roc_auc,e_pairwise_rf,0.8306856187290971,6,6,0
bbbp,classification,4,3,1564,391,roc_auc,f_rdkit2d_rf,0.9222408026755854,172,172,0
bbbp,classification,4,3,1564,391,roc_auc,g_mij_rf,0.8299403809800785,10,10,0
bbbp,classification,4,3,1564,391,roc_auc,g_mij_lasso,0.7674494692453103,10,10,0
bbbp,classification,4,4,1564,391,roc_auc,a_full30_lasso,0.8341028064563036,30,30,0
bbbp,classification,4,4,1564,391,roc_auc,b_pairwise_lasso,0.8128726188745092,6,6,0
bbbp,classification,4,4,1564,391,roc_auc,c_combined_lasso,0.8042932964955649,4,4,0
bbbp,classification,4,4,1564,391,roc_auc,d_full30_rf,0.8411371237458192,30,30,0
bbbp,classification,4,4,1564,391,roc_auc,e_pairwise_rf,0.860313363385197,6,6,0
bbbp,classification,4,4,1564,391,roc_auc,f_rdkit2d_rf,0.9557765013814163,173,173,0
bbbp,classification,4,4,1564,391,roc_auc,g_mij_rf,0.8473534971644612,10,10,0
bbbp,classification,4,4,1564,391,roc_auc,g_mij_lasso,0.8205794677911882,10,10,0
