dataset,candidate,max_abs_r,pcor,ci_lo,ci_hi,pairwise,ci_verdict,n,orig_pcor,orig_pairwise,orig_ci_verdict
esol,InfoH_deg,0.6980993584736994,0.15538480786711514,0.09698241856835181,0.21272081934807166,PASS,INCONCLUSIVE,1115,0.1541,PASS,INCONCLUSIVE
esol,InfoH_dist,0.8867426096704296,-0.04695617692885825,-0.10595711462922805,0.012374232085382715,PASS,INCONCLUSIVE,1115,-0.049,PASS,INCONCLUSIVE
esol,InfoH_spec,0.9433460668606529,-0.01034712671405424,-0.06960037920425663,0.048978879222010704,PASS,NEGLIGIBLE,1115,-0.0088,PASS,NEGLIGIBLE
esol,InfoH_ecc,0.8405853287823675,-0.03662586113520039,-0.09571394819103374,0.022719435448347244,PASS,NEGLIGIBLE,1115,-0.039,PASS,NEGLIGIBLE
esol,Bonchev_Id,0.9916105349999349,-0.11466331309490341,-0.17278449440288737,-0.05574638138334096,FAIL,INCONCLUSIVE,1115,-0.1131,FAIL,INCONCLUSIVE
esol,Btw_sum,0.9183599748857281,-0.0692243645507249,-0.12799493585907312,-0.009969330610407211,PASS,INCONCLUSIVE,1115,-0.073,PASS,INCONCLUSIVE
esol,Cls_sum,0.9381928850627501,-0.004468105387851607,-0.06374717147460966,0.05484237988311084,PASS,NEGLIGIBLE,1115,-0.0015,PASS,NEGLIGIBLE
esol,Eig_sum,0.9172302694982172,0.002993641813535751,-0.0563123095316328,0.06227854199571023,PASS,NEGLIGIBLE,1115,0.0012,PASS,NEGLIGIBLE
esol,Harm_cent,1.0,0.0,0.0,0.0,FAIL,IN_SPAN,1115,0.0,FAIL,IN_SPAN
esol,Btw_var,0.6534904301753577,0.025360694396597487,-0.033986369149128656,0.0845295353131527,PASS,NEGLIGIBLE,1115,0.0259,PASS,NEGLIGIBLE
esol,AlgConn,0.6726071281012294,0.03427325656749069,-0.025073655055544354,0.09337944005322557,PASS,NEGLIGIBLE,1115,0.0369,PASS,NEGLIGIBLE
esol,Rho_x_Dia,0.9628873944470656,-0.0778885845116898,-0.13655386876865483,-0.018678897289187906,FAIL,INCONCLUSIVE,1115,-0.0768,FAIL,INCONCLUSIVE
esol,EE_x_W,0.9799783844807335,-0.05416043236415332,-0.1130931894986182,0.0051520687759510995,FAIL,INCONCLUSIVE,1115,-0.0555,FAIL,INCONCLUSIVE
esol,Triangles,0.15878178827523676,-0.06906314483048809,-0.12783559226744542,-0.009807352258484989,PASS,INCONCLUSIVE,1115,-0.0705,PASS,INCONCLUSIVE
esol,MeanClust,0.052023185381025176,0.03926776408982246,-0.020074934079010964,0.09833475482006797,PASS,NEGLIGIBLE,1115,0.0387,PASS,NEGLIGIBLE
esol,FourCyc,0.18966883392387923,0.11060954689384775,0.051652363889059624,0.1687984043099614,PASS,INCONCLUSIVE,1115,0.1122,PASS,INCONCLUSIVE
esol,CutVerts,0.8326599820720967,-0.11628573758845927,-0.17437929985300835,-0.05738547082841256,PASS,INCONCLUSIVE,1115,-0.1178,PASS,INCONCLUSIVE
esol,TotEcc,0.9572754116824704,-0.07341014268412896,-0.1321309419636534,-0.014175893981732813,FAIL,INCONCLUSIVE,1115,-0.0725,FAIL,INCONCLUSIVE
esol,Radius,0.9148558533788247,-0.07627302133095683,-0.1349586018362903,-0.017054196734639183,PASS,INCONCLUSIVE,1115,-0.0701,PASS,INCONCLUSIVE
esol,MeanEcc,0.9297219351425375,-0.10874081760148259,-0.16696023158289203,-0.049765746393653915,PASS,INCONCLUSIVE,1115,-0.109,PASS,INCONCLUSIVE
freesolv,InfoH_deg,0.6491732513477665,-0.06136088591720641,-0.13961782373218476,0.01765780205917192,PASS,INCONCLUSIVE,639,-0.0614,PASS,INCONCLUSIVE
freesolv,InfoH_dist,0.8392308355651057,0.08628683542787287,0.007404099938610646,0.16410231614366072,PASS,INCONCLUSIVE,639,0.0863,PASS,INCONCLUSIVE
freesolv,InfoH_spec,0.9492121080512558,0.07973761966651835,0.0008095509122871148,0.1576783651066295,PASS,INCONCLUSIVE,639,0.0797,PASS,INCONCLUSIVE
freesolv,InfoH_ecc,0.7585796512379447,0.026328633114019163,-0.052714081433318155,0.10504349549960112,PASS,INCONCLUSIVE,639,0.0263,PASS,INCONCLUSIVE
freesolv,Bonchev_Id,0.9985742970295554,-0.039489056464213586,-0.1180542458531415,0.0395674391132104,FAIL,INCONCLUSIVE,639,-0.0395,FAIL,INCONCLUSIVE
freesolv,Btw_sum,0.8790479494088834,0.08833871153167237,0.00947159153544613,0.16611358974307092,PASS,INCONCLUSIVE,639,0.0883,PASS,INCONCLUSIVE
freesolv,Cls_sum,0.9490447243950082,-0.06505434971232622,-0.14325192289434122,0.013950449106931056,PASS,INCONCLUSIVE,639,-0.0651,PASS,INCONCLUSIVE
freesolv,Eig_sum,0.9223352851358902,0.05923436915935156,-0.019791330338670022,0.13752452951715521,PASS,INCONCLUSIVE,639,0.0592,PASS,INCONCLUSIVE
freesolv,Harm_cent,1.0,0.0,0.0,0.0,FAIL,IN_SPAN,639,0.0,FAIL,IN_SPAN
freesolv,Btw_var,0.5589256555064164,-0.003066827692526581,-0.08198014641789644,0.07588470607438771,PASS,NEGLIGIBLE,639,-0.0031,PASS,NEGLIGIBLE
freesolv,AlgConn,0.6491528680661462,-0.09434189139768498,-0.1719942650395567,-0.015524332485094623,PASS,INCONCLUSIVE,639,-0.0943,PASS,INCONCLUSIVE
freesolv,Rho_x_Dia,0.9553089556200676,-0.0017979838320179504,-0.08071969206991848,0.07714612881043756,FAIL,NEGLIGIBLE,639,-0.0018,FAIL,NEGLIGIBLE
freesolv,EE_x_W,0.9851107008755813,0.129117669186523,0.0507012352286554,0.20595184080126658,FAIL,INCONCLUSIVE,639,0.1291,FAIL,INCONCLUSIVE
freesolv,Triangles,0.1256130665423555,0.10699515805281665,0.02830100925320581,0.18437122112822973,PASS,INCONCLUSIVE,639,0.107,PASS,INCONCLUSIVE
freesolv,MeanClust,0.0639350744411494,0.05144849116773981,-0.02759674301136814,0.12985431781819876,PASS,INCONCLUSIVE,639,0.0514,PASS,INCONCLUSIVE
freesolv,FourCyc,0.10441345981946232,-0.07404876151309243,-0.15209295694816988,0.00491311921353974,PASS,INCONCLUSIVE,639,-0.074,PASS,INCONCLUSIVE
freesolv,CutVerts,0.7827850333831281,0.04409773364996925,-0.03495710815194151,0.12260414041070028,PASS,INCONCLUSIVE,639,0.0441,PASS,INCONCLUSIVE
freesolv,TotEcc,0.9799317846434554,-0.017684087108360242,-0.0964825748711217,0.061334691613653146,FAIL,NEGLIGIBLE,639,-0.0177,FAIL,NEGLIGIBLE
freesolv,Radius,0.8780637196165082,0.020630227796620697,-0.05839803211469215,0.0994015254638021,PASS,NEGLIGIBLE,639,0.0206,PASS,NEGLIGIBLE
freesolv,MeanEcc,0.9123278852260431,0.06127166886509822,-0.01774732774080974,0.13953001457180814,PASS,INCONCLUSIVE,639,0.0613,PASS,INCONCLUSIVE
lipophilicity,InfoH_deg,0.7379094294544823,-0.04460535437721429,-0.07482454249085035,-0.014304315591719765,PASS,NEGLIGIBLE,4200,-0.0446,PASS,NEGLIGIBLE
lipophilicity,InfoH_dist,0.8582783563758997,0.04199337877438009,0.011687875746648008,0.07222180664780628,PASS,NEGLIGIBLE,4200,0.042,PASS,NEGLIGIBLE
lipophilicity,InfoH_spec,0.9720963083058559,0.07724132989044473,0.04703109140875469,0.1073103950365933,FAIL,INCONCLUSIVE,4200,0.0772,FAIL,INCONCLUSIVE
lipophilicity,InfoH_ecc,0.8159513994139935,0.021501902230189874,-0.008824235372918631,0.05178852359075908,PASS,NEGLIGIBLE,4200,0.0215,PASS,NEGLIGIBLE
lipophilicity,Bonchev_Id,0.995802855948032,-0.011320440458877588,-0.0416265372403017,0.019006468001901814,FAIL,NEGLIGIBLE,4200,-0.0113,FAIL,NEGLIGIBLE
lipophilicity,Btw_sum,0.8914949600391164,-0.015944519098801145,-0.04624254809719342,0.014382818866623417,PASS,NEGLIGIBLE,4200,-0.0159,PASS,NEGLIGIBLE
lipophilicity,Cls_sum,0.7558264850642977,-0.026238228675260208,-0.05651365373655919,0.004085406161252697,PASS,NEGLIGIBLE,4200,-0.0262,PASS,NEGLIGIBLE
lipophilicity,Eig_sum,0.7566811171764138,0.014272736558554837,-0.01605459582448193,0.044573831694754366,PASS,NEGLIGIBLE,4200,0.0143,PASS,NEGLIGIBLE
lipophilicity,Harm_cent,0.9999999999999998,0.0,0.0,0.0,FAIL,IN_SPAN,4200,0.0,FAIL,IN_SPAN
lipophilicity,Btw_var,0.44777566253054757,-0.001519117727306277,-0.03183803593854745,0.02880259360551336,PASS,NEGLIGIBLE,4200,-0.0015,PASS,NEGLIGIBLE
lipophilicity,AlgConn,0.6754374425197796,-0.05542402517939487,-0.08560056002032757,-0.025145897622580068,PASS,NEGLIGIBLE,4200,-0.0554,PASS,NEGLIGIBLE
lipophilicity,Rho_x_Dia,0.8789913678871156,0.0006036601261039007,-0.029717268473841818,0.030923478805885054,PASS,NEGLIGIBLE,4200,0.0006,PASS,NEGLIGIBLE
lipophilicity,EE_x_W,0.9816549277506561,0.06832363793138238,0.03808214418398771,0.09844009421078163,FAIL,NEGLIGIBLE,4200,0.0683,FAIL,NEGLIGIBLE
lipophilicity,Triangles,0.22522807211644924,0.012705913297185777,-0.01762125993973757,0.04300972855620833,PASS,NEGLIGIBLE,4200,0.0127,PASS,NEGLIGIBLE
lipophilicity,MeanClust,0.19624648708922365,-0.006492651773430348,-0.036805790875126435,0.023832424549123564,PASS,NEGLIGIBLE,4200,-0.0065,PASS,NEGLIGIBLE
lipophilicity,FourCyc,0.10707915489787982,0.015834013112307862,-0.01449332971780045,0.04613225000362611,PASS,NEGLIGIBLE,4200,0.0158,PASS,NEGLIGIBLE
lipophilicity,CutVerts,0.9014896341886747,-0.008308283945295031,-0.03861894011260833,0.022017647206876868,PASS,NEGLIGIBLE,4200,-0.0083,PASS,NEGLIGIBLE
lipophilicity,TotEcc,0.9435165768029108,-0.018440230085320593,-0.04873336721368075,0.01188680068031579,PASS,NEGLIGIBLE,4200,-0.0184,PASS,NEGLIGIBLE
lipophilicity,Radius,0.8467989196748557,-0.013980934186785355,-0.04428254717027955,0.016346379841624653,PASS,NEGLIGIBLE,4200,-0.014,PASS,NEGLIGIBLE
lipophilicity,MeanEcc,0.8593669718861845,0.011558396630970004,-0.018768565585907507,0.0418641098216401,PASS,NEGLIGIBLE,4200,0.0116,PASS,NEGLIGIBLE
bbbp,InfoH_deg,0.674102879888911,-0.0032744550253762566,-0.047851715709230434,0.04131582314812087,PASS,NEGLIGIBLE,1955,0.0055,PASS,NEGLIGIBLE
bbbp,InfoH_dist,0.8117638116236127,-0.01626122893454697,-0.06080139476251934,0.028343566512481634,PASS,NEGLIGIBLE,1955,-0.0161,PASS,NEGLIGIBLE
bbbp,InfoH_spec,0.907662317442857,0.015051736069513693,-0.029552342143175037,0.05959598948353908,PASS,NEGLIGIBLE,1955,0.0144,PASS,NEGLIGIBLE
bbbp,InfoH_ecc,0.7741413187915925,-0.038765356331494305,-0.08320579625325664,0.005828964522211864,PASS,NEGLIGIBLE,1955,-0.0327,PASS,NEGLIGIBLE
bbbp,Bonchev_Id,0.9966299425112377,0.03885262429454513,-0.0057415678485312205,0.08329259013549802,FAIL,NEGLIGIBLE,1955,0.0381,FAIL,NEGLIGIBLE
bbbp,Btw_sum,0.8890617803849739,0.013293763232383203,-0.031309039911401965,0.0578437262077313,PASS,NEGLIGIBLE,1955,0.0105,PASS,NEGLIGIBLE
bbbp,Cls_sum,0.8371368170136482,6.776225753976639e-05,-0.0445166187461616,0.04465187387170486,PASS,NEGLIGIBLE,1955,0.0039,PASS,NEGLIGIBLE
bbbp,Eig_sum,0.8421560633430318,0.019539688153259387,-0.025066395257864655,0.06406812093661554,PASS,NEGLIGIBLE,1955,0.0167,PASS,NEGLIGIBLE
bbbp,Harm_cent,0.9999999999999998,0.0,0.0,0.0,FAIL,IN_SPAN,1955,0.0,FAIL,IN_SPAN
bbbp,Btw_var,0.7051313948375139,0.031687488140845516,-0.01291500420968462,0.07616413280189449,PASS,NEGLIGIBLE,1955,0.0332,PASS,NEGLIGIBLE
bbbp,AlgConn,0.5202506851943406,0.004688075943810729,-0.039904511184244984,0.049262025987524376,PASS,NEGLIGIBLE,1955,0.0058,PASS,NEGLIGIBLE
bbbp,Rho_x_Dia,0.8968505110464128,-0.005838420933275799,-0.05040954576119762,0.038755913806270074,PASS,NEGLIGIBLE,1955,-0.0058,PASS,NEGLIGIBLE
bbbp,EE_x_W,0.9592030142298087,0.011044389103444855,-0.03355638076518747,0.055601257237008414,FAIL,NEGLIGIBLE,1955,0.0125,FAIL,NEGLIGIBLE
bbbp,Triangles,0.11814285929752671,0.22917165526490615,0.18649288970178768,0.2709871057741414,PASS,PASS,1955,0.225,PASS,PASS
bbbp,MeanClust,0.06294865164124593,0.0792636169245754,0.03480235876754967,0.12341173763235619,PASS,INCONCLUSIVE,1955,0.0777,PASS,INCONCLUSIVE
bbbp,FourCyc,0.22475131032981643,-0.22470177440551817,-0.26661502908506574,-0.18194023414135538,PASS,PASS,1955,-0.22,PASS,PASS
bbbp,CutVerts,0.9005647210456283,0.0013751377517138804,-0.04321175805196914,0.04595656669172872,PASS,NEGLIGIBLE,1955,0.0015,PASS,NEGLIGIBLE
bbbp,TotEcc,0.948197421689141,0.041396037228651726,-0.003194104359143856,0.0858218899068179,PASS,NEGLIGIBLE,1955,0.0349,PASS,NEGLIGIBLE
bbbp,Radius,0.8817589730542577,-0.005187553031880054,-0.04976029082865679,0.03940580738035501,PASS,NEGLIGIBLE,1955,-0.0117,PASS,NEGLIGIBLE
bbbp,MeanEcc,0.8764584179925162,0.00394082951249268,-0.04065055925988597,0.04851655172026733,PASS,NEGLIGIBLE,1955,0.0007,PASS,NEGLIGIBLE
