dataset,candidate,stat_used,p_emp_nullC,p_emp_nullD,q_bh_nullC,q_bh_nullD
esol,InfoH_deg,0.1441550617750359,0.024875621890547265,0.25870646766169153,0.9950248756218906,1.0
esol,InfoH_dist,0.009362894863975,0.8308457711442786,0.9651741293532339,1.0,1.0
esol,InfoH_spec,0.0272860096020983,0.6169154228855721,0.8855721393034826,1.0,1.0
esol,InfoH_ecc,0.0382827180390457,0.4925373134328358,0.8258706467661692,1.0,1.0
esol,Bonchev_Id,0.0154764922588773,0.7611940298507462,0.9203980099502488,1.0,1.0
esol,Btw_sum,-0.0176390956295746,0.7213930348258707,0.9154228855721394,1.0,1.0
esol,Cls_sum,-0.03491893836233,0.5223880597014925,0.835820895522388,1.0,1.0
esol,Eig_sum,-0.0580420480327994,0.2935323383084577,0.7562189054726368,1.0,1.0
esol,Harm_cent,0.0519073454650103,0.36318407960199006,0.7761194029850746,1.0,1.0
esol,Btw_var,0.0071578980407683,0.8557213930348259,0.9701492537313433,1.0,1.0
esol,AlgConn,-0.0007090762954933,0.9950248756218906,1.0,1.0,1.0
esol,Rho_x_Dia,-0.0041589124456849,0.9203980099502488,0.9900497512437811,1.0,1.0
esol,EE_x_W,0.0391710238899868,0.48756218905472637,0.8258706467661692,1.0,1.0
esol,Triangles,0.0033814393120999,0.9353233830845771,0.9950248756218906,1.0,1.0
esol,MeanClust,0.0154116063885204,0.7611940298507462,0.9203980099502488,1.0,1.0
esol,FourCyc,0.00079184692928,0.9900497512437811,1.0,1.0,1.0
esol,CutVerts,-0.0154401792351534,0.7611940298507462,0.9203980099502488,1.0,1.0
esol,TotEcc,0.0051152433326075,0.9104477611940298,0.9900497512437811,1.0,1.0
esol,Radius,-0.0491638844068657,0.38308457711442784,0.7761194029850746,1.0,1.0
esol,MeanEcc,-0.0284538203077704,0.582089552238806,0.8756218905472637,1.0,1.0
freesolv,InfoH_deg,-0.1043217044957737,0.07462686567164178,0.13930348258706468,1.0,0.7213930348258707
freesolv,InfoH_dist,-0.0424404215129784,0.48756218905472637,0.7064676616915423,1.0,1.0
freesolv,InfoH_spec,-0.0304358335398564,0.6169154228855721,0.8009950248756219,1.0,1.0
freesolv,InfoH_ecc,-0.0597347018836619,0.29850746268656714,0.5870646766169154,1.0,1.0
freesolv,Bonchev_Id,0.0062596939672343,0.8955223880597015,0.9552238805970149,1.0,1.0
freesolv,Btw_sum,0.003484149312641,0.9303482587064676,0.9651741293532339,1.0,1.0
freesolv,Cls_sum,-0.0292922440651758,0.6218905472636815,0.8159203980099502,1.0,1.0
freesolv,Eig_sum,0.0290095890264615,0.6318407960199005,0.8159203980099502,1.0,1.0
freesolv,Harm_cent,0.0009246169771243,0.9900497512437811,0.9900497512437811,1.0,1.0
freesolv,Btw_var,0.0055187832769689,0.900497512437811,0.9552238805970149,1.0,1.0
freesolv,AlgConn,-0.0030122425605885,0.9402985074626866,0.9651741293532339,1.0,1.0
freesolv,Rho_x_Dia,-0.0911836910808388,0.13930348258706468,0.263681592039801,1.0,1.0
freesolv,EE_x_W,0.027488770996543,0.6368159203980099,0.835820895522388,1.0,1.0
freesolv,Triangles,0.0110744694179355,0.845771144278607,0.9353233830845771,1.0,1.0
freesolv,MeanClust,0.0200031669175985,0.7412935323383084,0.8905472636815921,1.0,1.0
freesolv,FourCyc,0.0332912071762897,0.5671641791044776,0.7661691542288557,1.0,1.0
freesolv,CutVerts,0.0135957546060206,0.8208955223880597,0.9203980099502488,1.0,1.0
freesolv,TotEcc,-0.0289202300771024,0.6318407960199005,0.8159203980099502,1.0,1.0
freesolv,Radius,-0.0005568113414343,0.9950248756218906,0.9950248756218906,1.0,1.0
freesolv,MeanEcc,-0.0270711372892482,0.6368159203980099,0.8407960199004975,1.0,1.0
lipophilicity,InfoH_deg,-0.0126813182140727,0.7412935323383084,0.5522388059701493,1.0,1.0
lipophilicity,InfoH_dist,-0.0377329721443648,0.3283582089552239,0.029850746268656716,1.0,0.3980099502487562
lipophilicity,InfoH_spec,-0.026475899709455,0.4975124378109453,0.13432835820895522,1.0,0.7213930348258707
lipophilicity,InfoH_ecc,-0.0255083455061934,0.5024875621890548,0.14427860696517414,1.0,0.7213930348258707
lipophilicity,Bonchev_Id,-0.0488523862391492,0.13432835820895522,0.009950248756218905,1.0,0.1990049751243781
lipophilicity,Btw_sum,-0.034545803353855,0.3781094527363184,0.06965174129353234,1.0,0.6191265892758431
lipophilicity,Cls_sum,0.0058312069403758,0.8805970149253731,0.7910447761194029,1.0,1.0
lipophilicity,Eig_sum,-0.0195060869076628,0.572139303482587,0.26865671641791045,1.0,1.0
lipophilicity,Harm_cent,-0.0467934074250708,0.17412935323383086,0.009950248756218905,1.0,0.1990049751243781
lipophilicity,Btw_var,0.021875708970129,0.5422885572139303,0.22388059701492538,1.0,1.0
lipophilicity,AlgConn,-0.0306262718432552,0.417910447761194,0.09950248756218906,1.0,0.7213930348258707
lipophilicity,Rho_x_Dia,-0.031758188696537,0.39800995024875624,0.0945273631840796,1.0,0.7213930348258707
lipophilicity,EE_x_W,-0.0377017863711519,0.3283582089552239,0.029850746268656716,1.0,0.3980099502487562
lipophilicity,Triangles,0.0027938277314412,0.9303482587064676,0.8855721393034826,1.0,1.0
lipophilicity,MeanClust,-0.0010529575887634,0.9751243781094527,0.9701492537313433,1.0,1.0
lipophilicity,FourCyc,-0.034470843201371,0.3781094527363184,0.06965174129353234,1.0,0.6191265892758431
lipophilicity,CutVerts,-0.0257633488593372,0.5024875621890548,0.14427860696517414,1.0,0.7213930348258707
lipophilicity,TotEcc,-0.0462854362910264,0.18407960199004975,0.009950248756218905,1.0,0.1990049751243781
lipophilicity,Radius,-0.0371098191729471,0.34328358208955223,0.03980099502487562,1.0,0.45486851457000704
lipophilicity,MeanEcc,-0.0280986586329757,0.4577114427860697,0.11940298507462686,1.0,0.7213930348258707
bbbp,InfoH_deg,0.0402693888944407,0.39303482587064675,0.572139303482587,1.0,1.0
bbbp,InfoH_dist,-0.0237107273585491,0.6119402985074627,0.7910447761194029,1.0,1.0
bbbp,InfoH_spec,-0.0043782205256848,0.9253731343283582,0.9601990049751243,1.0,1.0
bbbp,InfoH_ecc,-0.0001078723383066,1.0,0.9950248756218906,1.0,1.0
bbbp,Bonchev_Id,-0.0246003314203862,0.6019900497512438,0.7761194029850746,1.0,1.0
bbbp,Btw_sum,-0.0176461897584396,0.7562189054726368,0.8308457711442786,1.0,1.0
bbbp,Cls_sum,-0.009806770629547,0.8706467661691543,0.9303482587064676,1.0,1.0
bbbp,Eig_sum,0.000379580625815,1.0,0.9900497512437811,1.0,1.0
bbbp,Harm_cent,-0.029158549530458,0.5472636815920398,0.7014925373134329,1.0,1.0
bbbp,Btw_var,0.0156183342446902,0.7960199004975125,0.8557213930348259,1.0,1.0
bbbp,AlgConn,-0.0008527028457786,0.9850746268656716,0.9850746268656716,1.0,1.0
bbbp,Rho_x_Dia,-0.0019645037023911,0.9601990049751243,0.9850746268656716,1.0,1.0
bbbp,EE_x_W,-0.0262389091609519,0.5870646766169154,0.7562189054726368,1.0,1.0
bbbp,Triangles,0.0129119027505812,0.8407960199004975,0.8905472636815921,1.0,1.0
bbbp,MeanClust,0.0080576119764134,0.8805970149253731,0.9402985074626866,1.0,1.0
bbbp,FourCyc,-0.166920144699596,0.004975124378109453,0.004975124378109453,0.3980099502487562,0.1990049751243781
bbbp,CutVerts,-0.0147218216914818,0.8109452736318408,0.8706467661691543,1.0,1.0
bbbp,TotEcc,-0.0192977919339255,0.7213930348258707,0.8258706467661692,1.0,1.0
bbbp,Radius,-0.0361257656573694,0.4427860696517413,0.6218905472636815,1.0,1.0
bbbp,MeanEcc,-0.0116965119044807,0.8557213930348259,0.8955223880597015,1.0,1.0
