dataset,index,pcor_given_rdkit,ci_lo,ci_hi,relres_on_rdkit,verdict
esol,M1,0.09718846268980823,0.033624451767293756,0.1599693948798609,0.005006944287537818,INCONCLUSIVE
esol,M2,0.12687915639407532,0.0636215296515697,0.1891213154240646,0.011628182184033367,INCONCLUSIVE
esol,mM1,-0.012358014386411396,-0.07607047656505289,0.05145495063262612,0.006392778597924309,NEGLIGIBLE
esol,mM2,-0.04128594789855505,-0.10478247898621969,0.022545826461958792,0.004882866148000929,INCONCLUSIVE
esol,F,0.08586851384157923,0.0222177659170781,0.1488259499871661,0.014189222724492334,INCONCLUSIVE
esol,R,0.0,0.0,0.0,7.247445892293973e-15,IN_SPAN
esol,SCI,0.06263294085036679,-0.0011440420958911542,0.12590246779257125,0.0008950154351836985,INCONCLUSIVE
esol,H,0.0842991154557557,0.020637649240257027,0.14727975900357204,0.0007646206644278439,INCONCLUSIVE
esol,GA,0.08668070094585949,0.023035624784379323,0.14962600605185272,0.0020320633499962782,INCONCLUSIVE
esol,AG,0.04824382731401992,-0.015576509119755763,0.11167266571745109,0.0016834846218388155,INCONCLUSIVE
esol,ABC,0.05092540845617923,-0.0128888632343908,0.11432653082802699,0.004121568015745258,INCONCLUSIVE
esol,ABS,0.07140421825890321,0.0076667162142148425,0.13456387893155178,0.0030260794763420293,INCONCLUSIVE
esol,AZI,0.12954646935526248,0.0663219743975419,0.19173486683185792,0.01985288812395328,INCONCLUSIVE
esol,SO,0.07169924406771928,0.007963242113576784,0.13485504166488232,0.0056760016008019195,INCONCLUSIVE
esol,SO_red,0.048618355489853354,-0.01520118929927175,0.11204337724542114,0.00856831942818943,INCONCLUSIVE
esol,Alb,-0.0978857455230325,-0.16065528269545232,-0.03432761925266972,0.0849826241152552,INCONCLUSIVE
esol,Sigma,-0.009754872641874926,-0.07348157371137622,0.05405116549513203,0.06486206515735721,NEGLIGIBLE
esol,redM1,0.09441706463496258,0.03083028673123494,0.15724268767520289,0.01063657930327373,INCONCLUSIVE
esol,W,0.005302002011904457,-0.05849018812790554,0.06905106771558162,0.20676764372704656,NEGLIGIBLE
esol,WW,-0.02898385343725747,-0.09258513517662538,0.0348529811290748,0.31632954907009275,NEGLIGIBLE
esol,HR,0.14239720674888082,0.07934532940690549,0.20431423972555707,0.03437856290739655,INCONCLUSIVE
esol,Schultz,-0.00807723485125314,-0.07181265716152113,0.05572388213744002,0.21483941041881083,NEGLIGIBLE
esol,Gutman,-0.01928823368863227,-0.08295860321226203,0.04453896513841089,0.22338601837164104,NEGLIGIBLE
esol,Mostar,0.13928554718992567,0.0761898963439479,0.20127016312400475,0.10692421338452665,INCONCLUSIVE
esol,Sz,-0.040851113950323655,-0.10435167302366778,0.02298116934919738,0.21331328612377265,INCONCLUSIVE
esol,PI,0.05294580370549101,-0.010863289343730069,0.11632544631895296,0.09881871809461786,INCONCLUSIVE
esol,EE,0.06738894409266408,0.003632140064755459,0.1306000962696157,0.005261410063923835,INCONCLUSIVE
esol,Energy,0.060140191703329335,-0.0036462058877950194,0.12343918059706137,0.013181671266292586,INCONCLUSIVE
esol,SpecRad,-0.02744258988669449,-0.09105564855214421,0.036393515034632194,0.06123299478598973,NEGLIGIBLE
esol,Balaban_J,-0.07362331034326343,-0.13675364670073192,-0.009897366474905194,0.06769797452396145,INCONCLUSIVE
freesolv,M1,0.0463424038258862,-0.04381097030132943,0.13574711790316663,0.003881213368943601,INCONCLUSIVE
freesolv,M2,0.08359502999633855,-0.0064239916036113644,0.17227007495990096,0.008057788234952762,INCONCLUSIVE
freesolv,mM1,-0.046342403825871015,-0.13574711790315172,0.043810970301344614,0.004348147371611183,INCONCLUSIVE
freesolv,mM2,-0.02861451587806988,-0.11828071203829751,0.061514557485702684,0.0067885970294679346,INCONCLUSIVE
freesolv,F,0.046342403825938315,-0.0438109703012773,0.1357471179032179,0.014221124953045755,INCONCLUSIVE
freesolv,R,0.0,0.0,0.0,7.121266613902436e-15,IN_SPAN
freesolv,SCI,0.0190852944574112,-0.07100733957400873,0.10886905959068376,0.0006248491552358602,INCONCLUSIVE
freesolv,H,0.049510749019374335,-0.040640993068925414,0.13886288800915647,0.0010629922793242673,INCONCLUSIVE
freesolv,GA,0.0444104444095879,-0.04574303433608665,0.13384634880456797,0.0011619932799312052,INCONCLUSIVE
freesolv,AG,0.0015379112352636882,-0.08844503272682912,0.09149595730963199,0.0014439288086596014,NEGLIGIBLE
freesolv,ABC,0.05126043332647975,-0.03888962930043244,0.14058278043806877,0.00745378359868823,INCONCLUSIVE
freesolv,ABS,0.050281909318128704,-0.03986916082588729,0.1396209841952159,0.00452107993256752,INCONCLUSIVE
freesolv,AZI,0.10989162226507725,0.02011984158723306,0.1979056300787769,0.027112814680396533,INCONCLUSIVE
freesolv,SO,0.02581470766034691,-0.06430535195042013,0.11551711745226932,0.005342888854860607,INCONCLUSIVE
freesolv,SO_red,0.016957342219953386,-0.07312492794579953,0.10676516054421156,0.008452180667297462,INCONCLUSIVE
freesolv,Alb,-0.05990800601632596,-0.14907520189781917,0.030225615101173876,0.09225887674880356,INCONCLUSIVE
freesolv,Sigma,0.00538747446660037,-0.08462425025867218,0.0953119814225999,0.0661121709455813,NEGLIGIBLE
freesolv,redM1,0.04634240382561614,-0.04381097030159955,0.13574711790290098,0.009600091437580439,INCONCLUSIVE
freesolv,W,0.09292456025608117,0.002978758035978035,0.18137885058975683,0.09032442266984697,INCONCLUSIVE
freesolv,WW,0.053630178730090856,-0.03651672586068143,0.14291131698840592,0.12116182615426407,INCONCLUSIVE
freesolv,HR,0.1929735233125785,0.10482274597849474,0.2781155963904526,0.026712126809033242,PASS
freesolv,Schultz,0.09015017383185199,0.00018093528347201814,0.17867169616682996,0.09417495793055551,INCONCLUSIVE
freesolv,Gutman,0.08526701691185248,-0.0047400526537151435,0.17390361555328052,0.09914912185458906,INCONCLUSIVE
freesolv,Mostar,0.12276315812474681,0.033158692712526514,0.21040986869683007,0.09442629008801108,INCONCLUSIVE
freesolv,Sz,0.05232564322168271,-0.0378231256379755,0.1416295890652903,0.08913833752115817,INCONCLUSIVE
freesolv,PI,0.1154322911476597,0.025728792062352582,0.2032917061952707,0.05949131323831735,INCONCLUSIVE
freesolv,EE,-0.03219528362031689,-0.12181314181877106,0.05794326280390109,0.004629435417190379,INCONCLUSIVE
freesolv,Energy,-0.041084827559520753,-0.13057288001703318,0.04906725224187158,0.018621482277622354,INCONCLUSIVE
freesolv,SpecRad,-0.07691487194248335,-0.16573865241583263,0.013146811204781412,0.03891222388651825,INCONCLUSIVE
freesolv,Balaban_J,0.13507037086598184,0.04565447515146348,0.22233912813117823,0.05307030919491193,INCONCLUSIVE
lipophilicity,M1,-0.007540332334604677,-0.03843026186727309,0.02336399450893591,0.006297261222280934,NEGLIGIBLE
lipophilicity,M2,-0.012456102208166776,-0.043338305493089306,0.018449882092688278,0.014885331672174103,NEGLIGIBLE
lipophilicity,mM1,0.03059222303276436,-0.00030695043361638147,0.061433035818325356,0.0066942036306501754,NEGLIGIBLE
lipophilicity,mM2,0.006435548808024839,-0.02446820004138601,0.037327009601413365,0.0037341333711136183,NEGLIGIBLE
lipophilicity,F,-0.02209101973875863,-0.05295375746448105,0.008813879825160765,0.016500811363105036,NEGLIGIBLE
lipophilicity,R,0.0,0.0,0.0,1.0761978481972149e-14,IN_SPAN
lipophilicity,SCI,0.006494443157387785,-0.024409338406684848,0.03738582422182677,0.0011468287862647815,NEGLIGIBLE
lipophilicity,H,-0.05110753129778123,-0.08187711708399074,-0.020240611259022614,0.0008963985350787791,NEGLIGIBLE
lipophilicity,GA,0.0024803946774669553,-0.028420666839675965,0.03337671995478027,0.0028071748407650296,NEGLIGIBLE
lipophilicity,AG,0.0058015383734982785,-0.025101844726443022,0.036693843912959954,0.0019328972369775973,NEGLIGIBLE
lipophilicity,ABC,0.01644286858673108,-0.01446336307702917,0.04731771136995526,0.0017262954344655736,NEGLIGIBLE
lipophilicity,ABS,0.019574583566890597,-0.011331153202645581,0.05044295732981634,0.0028561344733122247,NEGLIGIBLE
lipophilicity,AZI,-0.027549408599847724,-0.05839858036085883,0.0033523283728586575,0.019567523048984407,NEGLIGIBLE
lipophilicity,SO,-0.006370671344529428,-0.03726221971884839,0.024533041218687428,0.0067022690282221116,NEGLIGIBLE
lipophilicity,SO_red,0.003789724272073092,-0.027112333851438873,0.03468454608920687,0.01058023948976954,NEGLIGIBLE
lipophilicity,Alb,0.0590853512169248,0.028238021247228982,0.08982025227035752,0.12476883005420533,NEGLIGIBLE
lipophilicity,Sigma,-0.01875287117569422,-0.04962300080295728,0.012153054140478362,0.06530145873641731,NEGLIGIBLE
lipophilicity,redM1,-0.014122832101049696,-0.045002077422867263,0.01678337514056693,0.01346626020927664,NEGLIGIBLE
lipophilicity,W,-0.06655710254850469,-0.09725597504814051,-0.03573170291329811,0.18802959238085923,NEGLIGIBLE
lipophilicity,WW,-0.05976809627216356,-0.09049984741799728,-0.028922626319804873,0.24207320444746197,NEGLIGIBLE
lipophilicity,HR,-0.08815014445101234,-0.11872564984420264,-0.05740762463682451,0.048591660720144,INCONCLUSIVE
lipophilicity,Schultz,-0.06768546649531332,-0.09837860028289497,-0.03686368007564489,0.1945851352446055,NEGLIGIBLE
lipophilicity,Gutman,-0.0686831560346407,-0.09937115063370991,-0.03786463027917656,0.20180922767490747,NEGLIGIBLE
lipophilicity,Mostar,-0.1020592577459631,-0.1325401733600179,-0.07138548979174573,0.1295595195029422,INCONCLUSIVE
lipophilicity,Sz,-0.06744523632654614,-0.09813959843878371,-0.03662267402113597,0.19505745267542685,NEGLIGIBLE
lipophilicity,PI,-0.09388317741068446,-0.12442112929691278,-0.06316753587301221,0.11194525432829892,INCONCLUSIVE
lipophilicity,EE,-0.0064058205972444375,-0.0372973215542842,0.024497911657348673,0.008715622005131148,NEGLIGIBLE
lipophilicity,Energy,-0.003762602079391867,-0.03465745611323836,0.02713943647370797,0.018306098360557913,NEGLIGIBLE
lipophilicity,SpecRad,0.024420317762847695,-0.006483457715282546,0.05527749086570303,0.34446452942359995,NEGLIGIBLE
lipophilicity,Balaban_J,0.0019262548987454844,-0.02897435294611604,0.032823184608222714,0.11489293269262377,NEGLIGIBLE
bbbp,M1,0.04546000408849094,-0.00018812572973542053,0.09091907312906823,0.005677862301360434,NEGLIGIBLE
bbbp,M2,0.053014079827992465,0.007384209986271059,0.09842363672398603,0.012598244740889072,NEGLIGIBLE
bbbp,mM1,-0.018884289139033932,-0.06447644825143332,0.02678654096167493,0.006252101258485744,NEGLIGIBLE
bbbp,mM2,0.011838292057560406,-0.03382772758093833,0.05745498331588475,0.003587663630466048,NEGLIGIBLE
bbbp,F,0.05155880732572977,0.005925012668040496,0.09697830414644044,0.014603265408509048,NEGLIGIBLE
bbbp,R,0.0,0.0,0.0,1.0166799505921628e-14,IN_SPAN
bbbp,SCI,0.002243609029589319,-0.043408576119059177,0.047886444136624386,0.0011138314336613159,NEGLIGIBLE
bbbp,H,0.02074799987023247,-0.024923344441428026,0.06633291544278744,0.0007519610816585934,NEGLIGIBLE
bbbp,GA,0.012166448517923917,-0.03349989577818894,0.05778209745388203,0.002653907937489478,NEGLIGIBLE
bbbp,AG,0.02758343360785455,-0.018087079650806377,0.07313908205499228,0.0018437835687820795,NEGLIGIBLE
bbbp,ABC,0.0013896012970879145,-0.04426094570000103,0.0470343572361036,0.0019199470145074974,NEGLIGIBLE
bbbp,ABS,0.015335091031478565,-0.03033388248732683,0.06094017159527396,0.002710909481978054,NEGLIGIBLE
bbbp,AZI,0.04747508902879533,0.0018313183047450705,0.09292145553879835,0.016979099201395037,NEGLIGIBLE
bbbp,SO,0.04403829191325479,-0.0016126894229886969,0.08950610183839511,0.006093914167051107,NEGLIGIBLE
bbbp,SO_red,0.04070471725195333,-0.004952223797545349,0.08619230462858789,0.009210084722407622,NEGLIGIBLE
bbbp,Alb,0.01164735196461913,-0.034018474247249124,0.05726464519771003,0.08994725315439005,NEGLIGIBLE
bbbp,Sigma,0.01766742625782602,-0.028002896894213165,0.06326414454241341,0.06343809324604005,NEGLIGIBLE
bbbp,redM1,0.04979856898020187,0.004160286681231065,0.09522983270652595,0.011522890113633812,NEGLIGIBLE
bbbp,W,0.026713113682102583,-0.01895774269121345,0.07227272423960078,0.19124823860882956,NEGLIGIBLE
bbbp,WW,0.018166160439765794,-0.02750438684213935,0.06376102641088569,0.28153340929251347,NEGLIGIBLE
bbbp,HR,0.010064120664529339,-0.035599973548243756,0.05568627757573941,0.045312984142971996,NEGLIGIBLE
bbbp,Schultz,0.026646009785434535,-0.01902487016680887,0.07220592297687858,0.19068277410864215,NEGLIGIBLE
bbbp,Gutman,0.026399914845114135,-0.019271048055965637,0.07196093440947463,0.19118754097020627,NEGLIGIBLE
bbbp,Mostar,0.020490215236005603,-0.025181076860918375,0.06607615152644428,0.10993420866000403,NEGLIGIBLE
bbbp,Sz,0.03880859698977895,-0.006851279651299275,0.08430698451218349,0.16731456591121782,NEGLIGIBLE
bbbp,PI,0.027848320923116503,-0.017822074157195993,0.07340274983064403,0.10414212774676071,NEGLIGIBLE
bbbp,EE,0.0005874295434107556,-0.04506151820336394,0.04623392921821633,0.006155516402743733,NEGLIGIBLE
bbbp,Energy,0.024845406992595777,-0.02082595191283171,0.07041328813065564,0.013148156974710985,NEGLIGIBLE
bbbp,SpecRad,0.0052433064829751725,-0.040414105864544456,0.05087886830555048,0.1425719304812738,NEGLIGIBLE
bbbp,Balaban_J,0.05826598886455993,0.012651899827828661,0.10363808098378319,0.08591419906505837,INCONCLUSIVE
