dataset,candidate,max_abs_r_both,pcor_topo,ci_lo_topo,ci_hi_topo,relres_topo,verdict_topo,pcor_rdkit,ci_lo_rdkit,ci_hi_rdkit,relres_rdkit,verdict_rdkit,pcor_both,ci_lo_both,ci_hi_both,relres_both,verdict_both
esol,InfoH_deg,0.6992489360086172,0.1540756299158561,0.09597470551784051,0.2111302169141429,0.5229902561696448,INCONCLUSIVE,-0.03166225501040892,-0.09416213829399825,0.031086221808343934,0.43838242842242764,NEGLIGIBLE,0.0033736146591928787,-0.05994418355537043,0.06666437350672197,0.38973149140883007,NEGLIGIBLE
esol,InfoH_dist,0.8868878631117797,-0.04902022381689926,-0.10768190882516185,0.009981610971116283,0.19568750018315362,INCONCLUSIVE,-0.25459162925498746,-0.31229433560640457,-0.1950172356703426,0.17062116196244276,PASS,-0.08101812161446052,-0.14358668292175,-0.01780444182398778,0.09833903504296011,INCONCLUSIVE
esol,InfoH_spec,0.9433528557091595,-0.008812746650574433,-0.06775051502631474,0.050186315138127456,0.1101996302704429,NEGLIGIBLE,-0.1709600122916786,-0.23116936266263075,-0.10944616264851835,0.09915456662060398,PASS,-0.06278612928961555,-0.1255919382035521,0.0005209374029238933,0.056774838812794014,INCONCLUSIVE
esol,InfoH_ecc,0.8407250994749211,-0.03899449358937272,-0.09774270163681392,0.02002453452183255,0.34883947876464977,NEGLIGIBLE,-0.2503713275510795,-0.3082205908967733,-0.1906772244170492,0.3154044332739677,PASS,-0.13302366241813224,-0.19468916890661317,-0.07031075756211767,0.25369478800259443,INCONCLUSIVE
esol,Bonchev_Id,0.9915880150984047,-0.11305312201411134,-0.17088678550517222,-0.05444311935285393,0.011734037533556754,INCONCLUSIVE,0.06921738793869482,0.006559071106984435,0.1313343031738028,0.34431484273716023,INCONCLUSIVE,0.059780938573315956,-0.003537444781532816,0.12262188052959128,0.00773147923024485,INCONCLUSIVE
esol,Btw_sum,0.918438973494313,-0.07298032771648612,-0.1313878311811478,-0.014067894807817331,0.0944807117922947,INCONCLUSIVE,-0.17120465972525215,-0.23140790474843032,-0.10969516088168935,0.10973397193936829,PASS,-0.05426835839168963,-0.11717081907368057,0.009067789756468034,0.0415212798483671,INCONCLUSIVE
esol,Cls_sum,0.9383581069909954,-0.0015244670641035088,-0.06049200795140875,0.05745367741920582,0.08719348462757942,NEGLIGIBLE,0.13527922783107135,0.07321331602731579,0.1963013263812151,0.11814691487906682,INCONCLUSIVE,0.06768598403053858,0.004399840600429048,0.13043209676681908,0.04844991482790392,INCONCLUSIVE
esol,Eig_sum,0.9174066796292627,0.0011721072692585253,-0.057804867618675135,0.06014092943023766,0.1484036854609619,NEGLIGIBLE,0.021503020770250673,-0.04123934475253574,0.08407646621126917,0.15222427251363627,NEGLIGIBLE,0.03721752961696726,-0.026149075192570495,0.10028624578445339,0.09156838256169239,INCONCLUSIVE
esol,Harm_cent,1.0,0.0,0.0,0.0,7.536165042721778e-15,IN_SPAN,0.15281569909862724,0.09100066538206705,0.21345765320888888,0.05030821781673662,INCONCLUSIVE,0.0,0.0,0.0,7.278573950181911e-14,IN_SPAN
esol,Btw_var,0.6534228293341262,0.02585600395715966,-0.033167549369221457,0.08469983244144767,0.48249042287488475,NEGLIGIBLE,0.019441321107347705,-0.04329822377282836,0.08202812903739312,0.41115780870136337,NEGLIGIBLE,0.01895047534194978,-0.044407795038473495,0.08215691113629044,0.22499461904059,NEGLIGIBLE
esol,AlgConn,0.7049284778505993,0.03689374432657498,-0.02212737822483834,0.09565859592705751,0.4029465585587821,NEGLIGIBLE,0.15735158986825937,0.09560787621575262,0.21788913778886107,0.3263049322321777,INCONCLUSIVE,0.033711499770175166,-0.029656787103195404,0.09680989329623997,0.2451549035634266,NEGLIGIBLE
esol,Rho_x_Dia,0.962777836225198,-0.07684907795995305,-0.13520928615704145,-0.017957482350753392,0.1340299022853106,INCONCLUSIVE,-0.1690718659942883,-0.22932809281629535,-0.1075246973203319,0.14313151345309394,PASS,-0.057363290340150114,-0.12023167921473993,0.005963361042323632,0.09280308787924639,INCONCLUSIVE
esol,EE_x_W,0.9799793913446476,-0.05554620884881952,-0.11414527951670328,0.0034380324633810746,0.028698264230906167,INCONCLUSIVE,-0.23421483311070312,-0.2926055249262206,-0.17408398758538277,0.05850790529060764,PASS,-0.11200992101126112,-0.1740805489457992,-0.0490527474904156,0.016387181709363773,INCONCLUSIVE
esol,Triangles,0.43050134226730413,-0.07046241341678547,-0.12889976537202813,-0.011537376319801713,0.17443022686489953,INCONCLUSIVE,-0.043495178588598235,-0.10589322975444417,0.019244068499575412,0.5799884863196133,INCONCLUSIVE,-0.028712074431399327,-0.09185012215334842,0.034655912906738126,0.11868631271180415,NEGLIGIBLE
esol,MeanClust,0.7577645719058629,0.03868313317099383,-0.02033623832999019,0.097433840547735,0.7801357994077578,NEGLIGIBLE,-0.053270620060536726,-0.11557146168288684,0.009447706002995467,0.5749329530895605,INCONCLUSIVE,-0.04781157668635354,-0.11078126985855803,0.015540455928393714,0.5063851030838726,INCONCLUSIVE
esol,FourCyc,0.5613607261328787,0.11217913972404507,0.053560491936205656,0.17002729692833798,0.4620746933153501,INCONCLUSIVE,0.024090419876597553,-0.03865473133504701,0.08664634756716048,0.4478933462705346,NEGLIGIBLE,0.00339670062844877,-0.05992118024561441,0.06668735710672928,0.36284508577118013,NEGLIGIBLE
esol,CutVerts,0.8933782491611963,-0.11778458012823038,-0.17553825180491173,-0.059222969988379504,0.18226956111441187,INCONCLUSIVE,-0.04173863724195525,-0.10415290201316499,0.02100309326402985,0.08994793696219826,INCONCLUSIVE,-0.02411616650711983,-0.0872879024862513,0.03924874966707764,0.07195759532021259,NEGLIGIBLE
esol,TotEcc,0.9573179759565956,-0.07252639096118754,-0.13093932996184188,-0.013611629965787778,0.055761991184505554,INCONCLUSIVE,0.06991331359590157,0.007258347583125573,0.1320214876455199,0.15766163949259546,INCONCLUSIVE,0.07492888758690151,0.011679290682957703,0.13758128438095796,0.035016595103603075,INCONCLUSIVE
esol,Radius,0.9143122625624773,-0.0701262323394624,-0.1285675138535675,-0.011199569489074088,0.19994404919011463,INCONCLUSIVE,-0.01450661293166313,-0.07712325587931294,0.04822401741764048,0.20074264978297957,NEGLIGIBLE,0.06516899079083033,0.0018717164642933566,0.1279461422107803,0.16159117299473538,INCONCLUSIVE
esol,MeanEcc,0.9295761861581002,-0.1090077240634143,-0.1669077352383911,-0.0503584747728379,0.11763052003986625,INCONCLUSIVE,-0.1674897473930181,-0.22778492086510152,-0.10591501394632824,0.13444037351979976,PASS,-0.042556973993167074,-0.10557753695125723,0.020804069743061943,0.0682684963275509,INCONCLUSIVE
freesolv,InfoH_deg,0.6491732513477664,-0.0613608859172054,-0.1396178237321838,0.017657802059172927,0.46986789059961404,INCONCLUSIVE,-0.09687453853455288,-0.18250209555675959,-0.009788514477371519,0.4409975614421912,INCONCLUSIVE,0.017193618165520782,-0.07167892849201139,0.10579531078017441,0.33167331691881946,INCONCLUSIVE
freesolv,InfoH_dist,0.8460083521609804,0.08628683542786504,0.007404099938602778,0.16410231614365306,0.15071779380753375,INCONCLUSIVE,-0.12070447002487367,-0.20570875700277322,-0.03389239145017097,0.13197716511710872,INCONCLUSIVE,0.011104948715235327,-0.07773482846406528,0.09976975780200747,0.07125356202106956,NEGLIGIBLE
freesolv,InfoH_spec,0.9492121080512558,0.07973761966651216,0.0008095509122808837,0.15767836510662345,0.11043795350053652,INCONCLUSIVE,-0.06266473778115426,-0.14901941617285505,0.02463853023336386,0.09635652155788062,INCONCLUSIVE,0.10659119391840138,0.017998329621779316,0.19352335096113193,0.05442762124715755,INCONCLUSIVE
freesolv,InfoH_ecc,0.7585796512379448,0.02632863311402013,-0.052714081433317184,0.10504349549960207,0.33474769720363035,INCONCLUSIVE,-0.16326272935185238,-0.24691743179364745,-0.0771926055250568,0.31175751307969024,INCONCLUSIVE,-0.07408255201724287,-0.1617818598766793,0.014777776862355159,0.2432202150414919,INCONCLUSIVE
freesolv,Bonchev_Id,0.9985742970295551,-0.03948905646421082,-0.11805424585313876,0.03956743911321317,0.023205259347292024,INCONCLUSIVE,0.07445265081955202,-0.01279909698746965,0.160579184075972,0.13627574116275917,INCONCLUSIVE,-0.10152250071439256,-0.1885862172351826,-0.012875373430992558,0.014159430048111269,INCONCLUSIVE
freesolv,Btw_sum,0.8790479494088836,0.08833871153169033,0.009471591535464225,0.1661135897430885,0.07980942728073068,INCONCLUSIVE,-0.09423585697654224,-0.17992654799558466,-0.007125708061004101,0.09529586317273477,INCONCLUSIVE,0.05958153095982743,-0.029336773971229434,0.1475642691518393,0.03180556318125751,INCONCLUSIVE
freesolv,Cls_sum,0.9490447243950082,-0.06505434971231057,-0.14325192289432584,0.013950449106946778,0.059575373418229785,INCONCLUSIVE,0.06587774619425382,-0.021413905091259323,0.1521725811896992,0.06855747214783325,INCONCLUSIVE,-0.03815140047974172,-0.1264862158365873,0.05078372866049394,0.030279971641474675,INCONCLUSIVE
freesolv,Eig_sum,0.9223352851358907,0.05923436915933945,-0.019791330338682155,0.13752452951714333,0.06480360360283592,INCONCLUSIVE,0.015625673213181875,-0.07164058867882805,0.10265453306266405,0.12919651424394313,INCONCLUSIVE,0.030998685473816224,-0.057923847532439204,0.11943321324391122,0.036035228561145424,INCONCLUSIVE
freesolv,Harm_cent,1.0,0.0,0.0,0.0,2.7370219567980053e-14,IN_SPAN,0.18351128031263753,0.0979087896079467,0.26641822060172876,0.03673391918522682,INCONCLUSIVE,0.0,0.0,0.0,7.080491972489924e-15,IN_SPAN
freesolv,Btw_var,0.5763196156751773,-0.0030668276925445857,-0.08198014641791432,0.07588470607436983,0.37793702161622195,NEGLIGIBLE,0.011556167789412668,-0.0756887586581675,0.09862550122159816,0.40202074789118675,NEGLIGIBLE,-0.06924639666411284,-0.15704427272505336,0.019637458696728467,0.17942859553124374,INCONCLUSIVE
freesolv,AlgConn,0.7200493197455241,-0.0943418913976925,-0.17199426503956408,-0.01552433248510221,0.3173378422265867,INCONCLUSIVE,0.06388816526267077,-0.023410893550484584,0.15022026396603214,0.268432511717372,INCONCLUSIVE,-0.016345352076170112,-0.10495622792065776,0.07252302219873316,0.18458941926497222,INCONCLUSIVE
freesolv,Rho_x_Dia,0.9553089556200679,-0.00179798383201366,-0.08071969206991422,0.07714612881044182,0.1430369761944773,NEGLIGIBLE,-0.21351026256523212,-0.29518513396236223,-0.128737567553163,0.13879221691673443,PASS,-0.09921712464527074,-0.186339220928433,-0.010546855795742521,0.09776827753561393,INCONCLUSIVE
freesolv,EE_x_W,0.9851107008755816,0.1291176691865155,0.05070123522864776,0.20595184080125925,0.019321133921086125,INCONCLUSIVE,-0.151269135277212,-0.23533471041509532,-0.06495697098643555,0.04239460944004386,INCONCLUSIVE,0.04699126048378367,-0.041946856895419216,0.13519052148115226,0.0097092346260104,INCONCLUSIVE
freesolv,Triangles,0.4954611427966056,0.10699515805281762,0.028301009253206794,0.18437122112823068,0.145816471733959,INCONCLUSIVE,-0.024283802942849625,-0.11121706254098264,0.06301827577304772,0.5117490717663192,INCONCLUSIVE,-0.0214436850459232,-0.10999746802533934,0.06744784896461614,0.10264175732843316,INCONCLUSIVE
freesolv,MeanClust,0.2879564211012815,0.05144849116773658,-0.027596743011371376,0.12985431781819562,0.6152828622536657,INCONCLUSIVE,-0.036855818571294476,-0.12362732682062837,0.050475023623826644,0.5895938767325143,INCONCLUSIVE,0.014104785340987015,-0.07475195616445106,0.10273931040373185,0.3996348757980042,INCONCLUSIVE
freesolv,FourCyc,0.24089329788640357,-0.0740487615130746,-0.1520929569481524,0.00491311921355767,0.727829386386366,INCONCLUSIVE,-0.001285538511324335,-0.08844430999929928,0.08589276896277771,0.704707243369992,NEGLIGIBLE,-0.029726264657753153,-0.11817759477379776,0.05919307517283596,0.5557458549996368,INCONCLUSIVE
freesolv,CutVerts,0.8757774502626797,0.04409773364996761,-0.03495710815194315,0.12260414041069866,0.17704934899712801,INCONCLUSIVE,-0.06837957501025038,-0.1546265967378338,0.01890177253324441,0.08038451688657335,INCONCLUSIVE,-0.015568436649431446,-0.10418761258119756,0.0732960045187528,0.06105828286080779,INCONCLUSIVE
freesolv,TotEcc,0.9799317846434554,-0.017684087108366848,-0.09648257487112825,0.06133469161364657,0.06932141029036964,NEGLIGIBLE,-0.10563606986449922,-0.19104557465569866,-0.01863901843084481,0.06868891427388052,INCONCLUSIVE,-0.08511218778342393,-0.17257159256248433,0.0036787577529245673,0.03674295303123438,INCONCLUSIVE
freesolv,Radius,0.878063719616508,0.02063022779662052,-0.05839803211469233,0.09940152546380192,0.25644043065798994,NEGLIGIBLE,-0.04142840930823361,-0.12813436526113253,0.04590605181601665,0.22091564775341652,INCONCLUSIVE,0.020840663825609784,-0.06804837086225662,0.10940143712409509,0.19081264422529887,INCONCLUSIVE
freesolv,MeanEcc,0.9123278852260431,0.06127166886508818,-0.017747327740819812,0.13953001457179826,0.1145791692211161,INCONCLUSIVE,-0.17291224052658707,-0.2562190530454141,-0.08705570804575832,0.11493095091173551,INCONCLUSIVE,-0.025660784661411966,-0.11416390302911043,0.06324642692017445,0.06180169647713539,INCONCLUSIVE
lipophilicity,InfoH_deg,0.7379094294544827,-0.04460535437721824,-0.07482454249085428,-0.014304315591723727,0.38233082996621237,NEGLIGIBLE,0.010563344949958963,-0.020227563975411887,0.04133423487039568,0.36197158684213404,NEGLIGIBLE,0.03214036869800444,0.001288737428733959,0.06293087415264047,0.3175747257984749,NEGLIGIBLE
lipophilicity,InfoH_dist,0.8582783563758993,0.04199337877438216,0.011687875746650069,0.07222180664780832,0.1650514137104377,NEGLIGIBLE,0.04794848815174097,0.017189529751149707,0.07861677611957228,0.3000954326739217,NEGLIGIBLE,0.0757181862495999,0.04497033341731125,0.10632271217470687,0.12854720019564675,INCONCLUSIVE
lipophilicity,InfoH_spec,0.9720963083058561,0.07724132989044492,0.04703109140875488,0.1073103950365935,0.06185364258759467,INCONCLUSIVE,-0.006810497133566924,-0.037586947996534566,0.023978861407645637,0.1628154696606589,NEGLIGIBLE,0.003103544774045218,-0.027752021788062343,0.033953202852012095,0.048459735555302856,NEGLIGIBLE
lipophilicity,InfoH_ecc,0.8159513994139936,0.021501902230193343,-0.008824235372915162,0.05178852359076254,0.2915513049087629,NEGLIGIBLE,0.05086556839840941,0.020112730955014962,0.08152224698320518,0.3734007850299297,NEGLIGIBLE,0.04278073053560755,0.01194358578178333,0.07353657808325623,0.2436705311698366,NEGLIGIBLE
lipophilicity,Bonchev_Id,0.9958028559480325,-0.011320440458879108,-0.04162653724030321,0.019006468001900298,0.016726261127568153,NEGLIGIBLE,0.08114664433775672,0.05048843551588367,0.11165206365339875,0.461265415838748,INCONCLUSIVE,-0.021123990323585466,-0.05194304635354163,0.009735263715733593,0.013813100123586658,NEGLIGIBLE
lipophilicity,Btw_sum,0.9046750863619158,-0.0159445190988038,-0.046242548097196065,0.014382818866620763,0.08340825142750101,NEGLIGIBLE,0.030672748778672376,-0.00011168789618319391,0.06139910449936923,0.21879331864105167,NEGLIGIBLE,0.04233302406696439,0.011495128607281026,0.07309047003917955,0.057663403148333535,NEGLIGIBLE
lipophilicity,Cls_sum,0.755826485064298,-0.026238228675256228,-0.05651365373655523,0.004085406161256676,0.1812256417318553,NEGLIGIBLE,-0.06042520312087852,-0.09104018598215588,-0.029696111111452154,0.40509444789804544,NEGLIGIBLE,-0.09492490380682721,-0.12541052203924288,-0.06426019403157035,0.13717959051401776,INCONCLUSIVE
lipophilicity,Eig_sum,0.7566811171764138,0.014272736558554584,-0.016054595824482182,0.04457383169475412,0.4391104570436006,NEGLIGIBLE,-0.03574879124090788,-0.06645998306941467,-0.004969929446665228,0.49002256985688997,NEGLIGIBLE,-0.05035015995248249,-0.08107712000055797,-0.01952758584743023,0.37431010071188436,NEGLIGIBLE
lipophilicity,Harm_cent,0.9999999999999998,0.0,0.0,0.0,3.3006203367921318e-15,IN_SPAN,0.02045357416144633,-0.01033726590858375,0.05120566375034092,0.10107499950104595,NEGLIGIBLE,0.0,0.0,0.0,2.613233650426869e-14,IN_SPAN
lipophilicity,Btw_var,0.44777566253054796,-0.0015191177273103792,-0.03183803593855154,0.02880259360550926,0.63027243481842,NEGLIGIBLE,-0.006820134262417433,-0.037596571953787426,0.023969229370387743,0.6723228249927613,NEGLIGIBLE,0.030726778282525256,-0.00012625061646149153,0.06152136459494661,0.5249407261114987,NEGLIGIBLE
lipophilicity,AlgConn,0.6754374425197796,-0.05542402517939415,-0.08560056002032686,-0.025145897622579346,0.49219194457177723,NEGLIGIBLE,-0.03905499621994389,-0.06975546170284647,-0.008280620645921997,0.5562910209389846,NEGLIGIBLE,-0.050706080625056674,-0.08143159579741187,-0.019884278977569635,0.4357173834428546,NEGLIGIBLE
lipophilicity,Rho_x_Dia,0.8789913678871147,0.0006036601261077675,-0.029717268473837953,0.030923478805888915,0.19741687244177597,NEGLIGIBLE,0.042245162653113365,0.01147575553319132,0.07293464316084783,0.29948748293171007,NEGLIGIBLE,0.024979105154340677,-0.005878334361078096,0.05578901899329354,0.16469948514075108,NEGLIGIBLE
lipophilicity,EE_x_W,0.981654927750656,0.06832363793137983,0.038082144183985145,0.09844009421077907,0.03296591062664255,NEGLIGIBLE,0.0046219942178247425,-0.0261660600347202,0.035401288360149524,0.12960038247807681,NEGLIGIBLE,0.07076366057084892,0.039998077753804116,0.10139519721844562,0.02585787263839695,INCONCLUSIVE
lipophilicity,Triangles,0.39793678829388635,0.012705913297195916,-0.01762125993972743,0.043009728556218464,0.18887840496350305,NEGLIGIBLE,0.031547635418397973,0.0007640462246834199,0.062271490251923106,0.557761520756982,NEGLIGIBLE,0.007725017904313971,-0.023133404906741,0.03856873467209016,0.13672903807824385,NEGLIGIBLE
lipophilicity,MeanClust,0.37803204078591757,-0.00649265177343563,-0.03680579087513171,0.02383242454911828,0.28917971217949673,NEGLIGIBLE,0.03125972244766636,0.0004758491472224019,0.061984405470832823,0.5938526724324578,NEGLIGIBLE,-0.014146814888699325,-0.04498009162240033,0.01671338922297994,0.2531705416264055,NEGLIGIBLE
lipophilicity,FourCyc,0.25542436003078717,0.015834013112310027,-0.014493329717798282,0.04613225000362828,0.8667710360832083,NEGLIGIBLE,-0.015877526559000946,-0.04663906157809135,0.014914094352336335,0.8429285912996985,NEGLIGIBLE,-0.002286565283995077,-0.033137136764151406,0.028568359345588122,0.6955819872936672,NEGLIGIBLE
lipophilicity,CutVerts,0.9324164288291273,-0.008308283945293605,-0.038618940112606914,0.02201764720687829,0.18499976966971604,NEGLIGIBLE,0.02935577538620342,-0.0014298479791006026,0.060085807182348745,0.09414490369242137,NEGLIGIBLE,0.014195097395386675,-0.01666511046932428,0.045028286017013995,0.08561509259416863,NEGLIGIBLE
lipophilicity,TotEcc,0.9435165768029108,-0.01844023008531576,-0.048733367213675924,0.011886800680320626,0.06994624220944852,NEGLIGIBLE,0.05763216680781634,0.026895552814536317,0.0882599101396851,0.2100053876932359,NEGLIGIBLE,-0.016049130253569237,-0.04687882683517958,0.01481111286408734,0.06032000147359017,NEGLIGIBLE
lipophilicity,Radius,0.8543782103110229,-0.013980934186782824,-0.04428254717027703,0.016346379841627186,0.2209262458972455,NEGLIGIBLE,0.025898012381196465,-0.004890217574060862,0.05663718942719699,0.32892893791302,NEGLIGIBLE,-0.0005564915878999441,-0.031408861529158186,0.030296937803949146,0.19616293737211332,NEGLIGIBLE
lipophilicity,MeanEcc,0.8702477919512507,0.011558396630972403,-0.018768565585905114,0.04186410982164249,0.14125521256265144,NEGLIGIBLE,0.043851824641622204,0.01308515772376798,0.07453553667607547,0.28252266436251994,NEGLIGIBLE,0.03729800117224751,0.006452517206244158,0.06807257574226566,0.11519965209756484,NEGLIGIBLE
bbbp,InfoH_deg,0.6756283001246477,0.0055479666731317176,-0.03810705085191197,0.049181847593925285,0.4701070300803484,NEGLIGIBLE,0.0013137621545556391,-0.0438372973010737,0.04645946571754131,0.42228703951989766,NEGLIGIBLE,-0.018548665496108296,-0.06387269033670769,0.026851721844466304,0.3698280337581531,NEGLIGIBLE
bbbp,InfoH_dist,0.8124003610746796,-0.01610001359361037,-0.05970384990721908,0.027565146452932725,0.2586143981439856,NEGLIGIBLE,-0.020311622687558206,-0.0654001075484103,0.024859633828403994,0.2897100738646537,NEGLIGIBLE,-0.008408895718817309,-0.05376616609919333,0.03698300246368408,0.192487113319371,NEGLIGIBLE
bbbp,InfoH_spec,0.9065255489636892,0.014380473158724283,-0.02928369674738879,0.05798986606512184,0.13431375691347144,NEGLIGIBLE,-0.0917515634438756,-0.13633526184194916,-0.04679695783926186,0.16681044936739198,INCONCLUSIVE,-0.030703987357903244,-0.07597591802519763,0.014694272179279592,0.08019281187579816,NEGLIGIBLE
bbbp,InfoH_ecc,0.77561286576969,-0.032683021045167,-0.07622008498061293,0.010978429502462323,0.3503212150387901,NEGLIGIBLE,-0.001542143630673653,-0.04668735228007864,0.04360935196368719,0.354361851014088,NEGLIGIBLE,-0.008745182731187982,-0.05410149956927043,0.036647146530386476,0.27658374624746485,NEGLIGIBLE
bbbp,Bonchev_Id,0.9966090149793561,0.038097009781559756,-0.00555802203187505,0.08160710567895116,0.013022345702520768,NEGLIGIBLE,0.10287001565555622,0.05799089058952919,0.14733419266023767,0.39176919478757255,INCONCLUSIVE,0.05786988003247751,0.012524984413183941,0.10297724737152825,0.011118950188640163,INCONCLUSIVE
bbbp,Btw_sum,0.8959013749052109,0.010469513653436197,-0.033191443261439114,0.054090587027538675,0.13334064050827005,NEGLIGIBLE,0.03316166731391064,-0.012004765474582213,0.0781930560875591,0.22016088471350462,NEGLIGIBLE,0.0072450568528993,-0.038145270279885,0.05260554832531879,0.09934500571698673,NEGLIGIBLE
bbbp,Cls_sum,0.8383689100989975,0.003909440288933991,-0.03974313118419021,0.04754711737368446,0.18550459333618297,NEGLIGIBLE,-0.07363862248493581,-0.11839346252603436,-0.028585199574966347,0.2613162655217921,INCONCLUSIVE,-0.02585639398910767,-0.0711506987695999,0.019544323798401222,0.13544369016076355,NEGLIGIBLE
bbbp,Eig_sum,0.8444304874096835,0.016703439208899277,-0.0269620071109975,0.06030526465066739,0.3687356004901664,NEGLIGIBLE,-0.08820191032566593,-0.13282145062946552,-0.04322558311825301,0.34626455473283735,INCONCLUSIVE,-0.03521352023262466,-0.08046273421320066,0.01018053367686421,0.2818177324687327,NEGLIGIBLE
bbbp,Harm_cent,1.0,0.0,0.0,0.0,3.1595617947360397e-15,IN_SPAN,0.05148513530553008,0.006351439790182358,0.09640949316916003,0.10561966022636926,NEGLIGIBLE,0.0,0.0,0.0,1.1169729275302174e-13,IN_SPAN
bbbp,Btw_var,0.7114697071284178,0.03315449031404895,-0.010506503241097826,0.07668930683004076,0.5495925012216,NEGLIGIBLE,0.07576106856184113,0.030717678969701318,0.12049736713295499,0.5013115487940546,INCONCLUSIVE,0.05388828390771884,0.008531359589401814,0.09902392395022673,0.3700445679555461,NEGLIGIBLE
bbbp,AlgConn,0.535061891384777,0.005758396918727897,-0.037896917783798965,0.04939177337343887,0.601174212445068,NEGLIGIBLE,0.0055311901024386444,-0.03962716505530413,0.05066699657675523,0.4915591115588226,NEGLIGIBLE,-0.002121051075666006,-0.04749426613559203,0.04326089904207605,0.4582454749105984,NEGLIGIBLE
bbbp,Rho_x_Dia,0.8976283389423144,-0.0058305307191198535,-0.04946373335965558,0.03782488496488812,0.20868439354127796,NEGLIGIBLE,0.05218626048371246,0.007054422339173021,0.09710592564674554,0.2666687882997166,NEGLIGIBLE,0.015279142652096341,-0.030119526546461186,0.06061490261585395,0.16578279966762477,NEGLIGIBLE
bbbp,EE_x_W,0.9590239190809371,0.012479332664284028,-0.031183442109938512,0.05609456969468496,0.056633376012784856,NEGLIGIBLE,-0.07794724970186152,-0.12266402994035694,-0.032914623511225406,0.128855008653264,INCONCLUSIVE,-0.028801400546010898,-0.07408236537459234,0.01659807852647181,0.03936196878333901,NEGLIGIBLE
bbbp,Triangles,0.3998283607334913,0.22499662591785885,0.18314939134275365,0.2660299604164698,0.41892905237432554,PASS,0.008249794048116675,-0.03691241382760753,0.05337837172210338,0.6944581889663234,NEGLIGIBLE,0.024671686374302317,-0.02072930736613048,0.06997113674885623,0.17483643921388356,NEGLIGIBLE
bbbp,MeanClust,0.17684302815905642,0.07765423588869536,0.03412410196291767,0.12089029485074221,0.7676022961552416,INCONCLUSIVE,-0.00024903259450948173,-0.04539698145176358,0.04489993151048272,0.7726949788732864,NEGLIGIBLE,0.0022724712833612545,-0.043109760499578834,0.04764534442562803,0.6396606543553873,NEGLIGIBLE
bbbp,FourCyc,0.9363217804849648,-0.21999674692124255,-0.2611351352316712,-0.17806068338705033,0.7296539801797419,PASS,-0.005994991486102105,-0.05112961178409759,0.03916406811726192,0.326403899340375,NEGLIGIBLE,-0.021463777724495346,-0.06677652512675171,0.02393732303540139,0.28818175168885435,NEGLIGIBLE
bbbp,CutVerts,0.9266350026595109,0.0015226672833054682,-0.04212592240034497,0.045165455755096846,0.17736673047696885,NEGLIGIBLE,0.08571393295617508,0.04072306591933541,0.13035792634809243,0.17091353452748909,INCONCLUSIVE,0.04967230424811842,0.004304219725387718,0.0948363276606199,0.12279057347050237,NEGLIGIBLE
bbbp,TotEcc,0.9475745401838129,0.034916465741563395,-0.008742647753754234,0.07844271251998253,0.07288874839165525,NEGLIGIBLE,0.11997486378083008,0.07523392260826543,0.16423372150035026,0.21176928473371218,INCONCLUSIVE,0.03653765821054673,-0.008854809362748697,0.08177985368953006,0.055899829031322436,NEGLIGIBLE
bbbp,Radius,0.8814831869186912,-0.01167058044806097,-0.05528820827758131,0.031991505197865706,0.2246966032384878,NEGLIGIBLE,0.018421277209249593,-0.02674942936014574,0.06351690996073742,0.28948963964570534,NEGLIGIBLE,0.006059626087862942,-0.039328974612042,0.05142327242298225,0.18933691032393649,NEGLIGIBLE
bbbp,MeanEcc,0.8764177692458666,0.0007133612548283113,-0.04293376557561847,0.04435777024448916,0.18778113027811236,NEGLIGIBLE,0.03962334752122246,-0.0055350135230313405,0.08462042651537523,0.26482716051369043,NEGLIGIBLE,0.004637454453973181,-0.04074890695743064,0.050004717906953045,0.14799253534153906,NEGLIGIBLE
