n,n_trees,alpha,beta,gamma,w_min,w_max,w_path,w_star,min_is_path,max_is_star,min_is_star,max_is_path,classical_match,argmin_degree_seq,argmax_degree_seq
5,3,1.0,0.0,0.0,12.0,16.0,12.0,16.0,True,True,False,False,"P_n=min,S_n=max","2,2,2,1,1","4,1,1,1,1"
5,3,-0.5,0.0,0.0,2.0,2.414213562373095,2.414213562373095,2.0,False,False,True,True,"S_n=min,P_n=max","4,1,1,1,1","2,2,2,1,1"
5,3,0.0,-0.5,0.0,1.7888543819998317,2.1547005383792515,2.1547005383792515,1.7888543819998317,False,False,True,True,"S_n=min,P_n=max","4,1,1,1,1","2,2,2,1,1"
5,3,0.0,-1.0,0.0,0.8,1.1666666666666665,1.1666666666666665,0.8,False,False,True,True,"S_n=min,P_n=max","4,1,1,1,1","2,2,2,1,1"
5,3,0.0,0.0,1.0,4.7912248501721795,7.2884752015620355,4.7912248501721795,7.2884752015620355,True,True,False,False,"P_n=min,S_n=max","2,2,2,1,1","4,1,1,1,1"
5,3,0.0,0.0,2.0,5.8954680821093515,13.280467690946189,5.8954680821093515,13.280467690946189,True,True,False,False,"P_n=min,S_n=max","2,2,2,1,1","4,1,1,1,1"
5,3,1.0,1.0,1.0,48.74734910103308,145.7695040312407,48.74734910103308,145.7695040312407,True,True,False,False,"P_n=min,S_n=max","2,2,2,1,1","4,1,1,1,1"
5,3,-1.0,-1.0,1.0,0.3644237600781018,0.5902041416953632,0.5902041416953632,0.3644237600781018,False,False,True,True,"S_n=min,P_n=max","4,1,1,1,1","2,2,2,1,1"
6,6,1.0,0.0,0.0,16.0,25.0,16.0,25.0,True,True,False,False,"P_n=min,S_n=max","2,2,2,2,1,1","5,1,1,1,1,1"
6,6,-0.5,0.0,0.0,2.23606797749979,2.914213562373095,2.914213562373095,2.23606797749979,False,False,True,True,"S_n=min,P_n=max","5,1,1,1,1,1","2,2,2,2,1,1"
6,6,0.0,-0.5,0.0,2.041241452319315,2.6547005383792515,2.6547005383792515,2.041241452319315,False,False,True,True,"S_n=min,P_n=max","5,1,1,1,1,1","2,2,2,2,1,1"
6,6,0.0,-1.0,0.0,0.8333333333333333,1.4166666666666665,1.4166666666666665,0.8333333333333333,False,False,True,True,"S_n=min,P_n=max","5,1,1,1,1,1","2,2,2,2,1,1"
6,6,0.0,0.0,1.0,5.7912248501721795,9.73867020527338,5.7912248501721795,9.73867020527338,True,True,False,False,"P_n=min,S_n=max","2,2,2,2,1,1","5,1,1,1,1,1"
6,6,0.0,0.0,2.0,6.8954680821093515,18.968339473415888,6.8954680821093515,18.968339473415888,True,True,False,False,"P_n=min,S_n=max","2,2,2,2,1,1","5,1,1,1,1,1"
6,6,1.0,1.0,1.0,64.74734910103308,292.16010615820136,64.74734910103308,292.16010615820136,True,True,False,False,"P_n=min,S_n=max","2,2,2,2,1,1","5,1,1,1,1,1"
6,6,-1.0,-1.0,1.0,0.3246223401757793,0.6840244314643852,0.6527041416953632,0.3246223401757793,False,False,True,False,neither,"5,1,1,1,1,1","3,2,2,1,1,1"
7,11,1.0,0.0,0.0,20.0,36.0,20.0,36.0,True,True,False,False,"P_n=min,S_n=max","2,2,2,2,2,1,1","6,1,1,1,1,1,1"
7,11,-0.5,0.0,0.0,2.4494897427831783,3.414213562373095,3.414213562373095,2.4494897427831783,False,False,True,True,"S_n=min,P_n=max","6,1,1,1,1,1,1","2,2,2,2,2,1,1"
7,11,0.0,-0.5,0.0,2.2677868380553634,3.1547005383792515,3.1547005383792515,2.2677868380553634,False,False,True,True,"S_n=min,P_n=max","6,1,1,1,1,1,1","2,2,2,2,2,1,1"
7,11,0.0,-1.0,0.0,0.857142857142857,1.6666666666666665,1.6666666666666665,0.857142857142857,False,False,True,True,"S_n=min,P_n=max","6,1,1,1,1,1,1","2,2,2,2,2,1,1"
7,11,0.0,0.0,1.0,6.7912248501721795,12.256362421596853,6.7912248501721795,12.256362421596853,True,True,False,False,"P_n=min,S_n=max","2,2,2,2,2,1,1","6,1,1,1,1,1,1"
7,11,0.0,0.0,2.0,7.8954680821093515,25.036403301588575,7.8954680821093515,25.036403301588575,True,True,False,False,"P_n=min,S_n=max","2,2,2,2,2,1,1","6,1,1,1,1,1,1"
7,11,1.0,1.0,1.0,80.74734910103308,514.7672217070677,80.74734910103308,514.7672217070677,True,True,False,False,"P_n=min,S_n=max","2,2,2,2,2,1,1","6,1,1,1,1,1,1"
7,11,-1.0,-1.0,1.0,0.29181815289516316,0.8199464883590618,0.7152041416953632,0.29181815289516316,False,False,True,False,neither,"6,1,1,1,1,1,1","3,2,2,2,1,1,1"
8,23,1.0,0.0,0.0,24.0,49.0,24.0,49.0,True,True,False,False,"P_n=min,S_n=max","2,2,2,2,2,2,1,1","7,1,1,1,1,1,1,1"
8,23,-0.5,0.0,0.0,2.6457513110645907,3.914213562373095,3.914213562373095,2.6457513110645907,False,False,True,True,"S_n=min,P_n=max","7,1,1,1,1,1,1,1","2,2,2,2,2,2,1,1"
8,23,0.0,-0.5,0.0,2.474873734152917,3.6547005383792515,3.6547005383792515,2.474873734152917,False,False,True,True,"S_n=min,P_n=max","7,1,1,1,1,1,1,1","2,2,2,2,2,2,1,1"
8,23,0.0,-1.0,0.0,0.875,1.9166666666666665,1.9166666666666665,0.875,False,False,True,True,"S_n=min,P_n=max","7,1,1,1,1,1,1,1","2,2,2,2,2,2,1,1"
8,23,0.0,0.0,1.0,7.7912248501721795,14.819000116288723,7.7912248501721795,14.819000116288723,True,True,False,False,"P_n=min,S_n=max","2,2,2,2,2,2,1,1","7,1,1,1,1,1,1,1"
8,23,0.0,0.0,2.0,8.895468082109351,31.37182349236645,8.895468082109351,31.37182349236645,True,True,False,False,"P_n=min,S_n=max","2,2,2,2,2,2,1,1","7,1,1,1,1,1,1,1"
8,23,1.0,1.0,1.0,96.74734910103308,829.8640065121684,96.74734910103308,829.8640065121684,True,True,False,False,"P_n=min,S_n=max","2,2,2,2,2,2,1,1","7,1,1,1,1,1,1,1"
8,23,-1.0,-1.0,1.0,0.26462500207658435,0.8824464883590618,0.7777041416953632,0.26462500207658435,False,False,True,False,neither,"7,1,1,1,1,1,1,1","3,2,2,2,2,1,1,1"
9,47,1.0,0.0,0.0,28.0,64.0,28.0,64.0,True,True,False,False,"P_n=min,S_n=max","2,2,2,2,2,2,2,1,1","8,1,1,1,1,1,1,1,1"
9,47,-0.5,0.0,0.0,2.8284271247461907,4.414213562373095,4.414213562373095,2.8284271247461907,False,False,True,True,"S_n=min,P_n=max","8,1,1,1,1,1,1,1,1","2,2,2,2,2,2,2,1,1"
9,47,0.0,-0.5,0.0,2.6666666666666665,4.1547005383792515,4.1547005383792515,2.6666666666666665,False,False,True,True,"S_n=min,P_n=max","8,1,1,1,1,1,1,1,1","2,2,2,2,2,2,2,1,1"
9,47,0.0,-1.0,0.0,0.8888888888888891,2.1666666666666665,2.1666666666666665,0.8888888888888891,False,False,True,True,"S_n=min,P_n=max","8,1,1,1,1,1,1,1,1","2,2,2,2,2,2,2,1,1"
9,47,0.0,0.0,1.0,8.79122485017218,17.41303945372999,8.79122485017218,17.41303945372999,True,True,False,False,"P_n=min,S_n=max","2,2,2,2,2,2,2,1,1","8,1,1,1,1,1,1,1,1"
9,47,0.0,0.0,2.0,9.895468082109351,37.901742877144635,9.895468082109351,37.901742877144635,True,True,False,False,"P_n=min,S_n=max","2,2,2,2,2,2,2,1,1","8,1,1,1,1,1,1,1,1"
9,47,1.0,1.0,1.0,112.74734910103308,1253.7388406685589,112.74734910103308,1253.7388406685589,True,True,False,False,"P_n=min,S_n=max","2,2,2,2,2,2,2,1,1","8,1,1,1,1,1,1,1,1"
9,47,-1.0,-1.0,1.0,0.24184777019069426,1.046709318814567,0.8402041416953632,0.24184777019069426,False,False,True,False,neither,"8,1,1,1,1,1,1,1,1","4,2,2,2,2,1,1,1,1"
10,106,1.0,0.0,0.0,32.0,81.0,32.0,81.0,True,True,False,False,"P_n=min,S_n=max","2,2,2,2,2,2,2,2,1,1","9,1,1,1,1,1,1,1,1,1"
10,106,-0.5,0.0,0.0,3.0,4.914213562373096,4.914213562373096,3.0,False,False,True,True,"S_n=min,P_n=max","9,1,1,1,1,1,1,1,1,1","2,2,2,2,2,2,2,2,1,1"
10,106,0.0,-0.5,0.0,2.8460498941515415,4.654700538379252,4.654700538379252,2.8460498941515415,False,False,True,True,"S_n=min,P_n=max","9,1,1,1,1,1,1,1,1,1","2,2,2,2,2,2,2,2,1,1"
10,106,0.0,-1.0,0.0,0.8999999999999999,2.4166666666666665,2.4166666666666665,0.8999999999999999,False,False,True,True,"S_n=min,P_n=max","9,1,1,1,1,1,1,1,1,1","2,2,2,2,2,2,2,2,1,1"
10,106,0.0,0.0,1.0,9.791224850172178,20.02986835643221,9.791224850172178,20.02986835643221,True,True,False,False,"P_n=min,S_n=max","2,2,2,2,2,2,2,2,1,1","9,1,1,1,1,1,1,1,1,1"
10,106,0.0,0.0,2.0,10.895468082109353,44.57729181955604,10.895468082109353,44.57729181955604,True,True,False,False,"P_n=min,S_n=max","2,2,2,2,2,2,2,2,1,1","9,1,1,1,1,1,1,1,1,1"
10,106,1.0,1.0,1.0,128.74734910103308,1802.688152078899,128.74734910103308,1802.688152078899,True,True,False,False,"P_n=min,S_n=max","2,2,2,2,2,2,2,2,1,1","9,1,1,1,1,1,1,1,1,1"
10,106,-1.0,-1.0,1.0,0.22255409284924685,1.1117805029972674,0.9027041416953632,0.22255409284924685,False,False,True,False,neither,"9,1,1,1,1,1,1,1,1,1","3,3,2,2,2,2,1,1,1,1"
11,235,1.0,0.0,0.0,36.0,100.0,36.0,100.0,True,True,False,False,"P_n=min,S_n=max","2,2,2,2,2,2,2,2,2,1,1","10,1,1,1,1,1,1,1,1,1,1"
11,235,-0.5,0.0,0.0,3.1622776601683795,5.414213562373096,5.414213562373096,3.1622776601683795,False,False,True,True,"S_n=min,P_n=max","10,1,1,1,1,1,1,1,1,1,1","2,2,2,2,2,2,2,2,2,1,1"
11,235,0.0,-0.5,0.0,3.015113445777637,5.154700538379252,5.154700538379252,3.015113445777637,False,False,True,True,"S_n=min,P_n=max","10,1,1,1,1,1,1,1,1,1,1","2,2,2,2,2,2,2,2,2,1,1"
11,235,0.0,-1.0,0.0,0.9090909090909093,2.6666666666666665,2.6666666666666665,0.9090909090909093,False,False,True,True,"S_n=min,P_n=max","10,1,1,1,1,1,1,1,1,1,1","2,2,2,2,2,2,2,2,2,1,1"
11,235,0.0,0.0,1.0,10.791224850172178,22.663754066284664,10.791224850172178,22.663754066284664,True,True,False,False,"P_n=min,S_n=max","2,2,2,2,2,2,2,2,2,1,1","10,1,1,1,1,1,1,1,1,1,1"
11,235,0.0,0.0,2.0,11.895468082109353,51.36457483770346,11.895468082109353,51.36457483770346,True,True,False,False,"P_n=min,S_n=max","2,2,2,2,2,2,2,2,2,1,1","10,1,1,1,1,1,1,1,1,1,1"
11,235,1.0,1.0,1.0,144.74734910103308,2493.012947291313,144.74734910103308,2493.012947291313,True,True,False,False,"P_n=min,S_n=max","2,2,2,2,2,2,2,2,2,1,1","10,1,1,1,1,1,1,1,1,1,1"
11,235,-1.0,-1.0,1.0,0.2060341278753152,1.2726577120423515,0.9652041416953632,0.2060341278753152,False,False,True,False,neither,"10,1,1,1,1,1,1,1,1,1,1","5,2,2,2,2,2,1,1,1,1,1"
12,551,1.0,0.0,0.0,40.0,121.0,40.0,121.0,True,True,False,False,"P_n=min,S_n=max","2,2,2,2,2,2,2,2,2,2,1,1","11,1,1,1,1,1,1,1,1,1,1,1"
12,551,-0.5,0.0,0.0,3.3166247903554007,5.914213562373096,5.914213562373096,3.3166247903554007,False,False,True,True,"S_n=min,P_n=max","11,1,1,1,1,1,1,1,1,1,1,1","2,2,2,2,2,2,2,2,2,2,1,1"
12,551,0.0,-0.5,0.0,3.175426480542942,5.654700538379252,5.654700538379252,3.175426480542942,False,False,True,True,"S_n=min,P_n=max","11,1,1,1,1,1,1,1,1,1,1,1","2,2,2,2,2,2,2,2,2,2,1,1"
12,551,0.0,-1.0,0.0,0.9166666666666667,2.9166666666666665,2.9166666666666665,0.9166666666666667,False,False,True,True,"S_n=min,P_n=max","11,1,1,1,1,1,1,1,1,1,1,1","2,2,2,2,2,2,2,2,2,2,1,1"
12,551,0.0,0.0,1.0,11.791224850172178,25.310734799821077,11.791224850172178,25.310734799821077,True,True,False,False,"P_n=min,S_n=max","2,2,2,2,2,2,2,2,2,2,1,1","11,1,1,1,1,1,1,1,1,1,1,1"
12,551,0.0,0.0,2.0,12.895468082109353,58.23939055517034,12.895468082109353,58.23939055517034,True,True,False,False,"P_n=min,S_n=max","2,2,2,2,2,2,2,2,2,2,1,1","11,1,1,1,1,1,1,1,1,1,1,1"
12,551,1.0,1.0,1.0,160.74734910103308,3341.016993576382,160.74734910103308,3341.016993576382,True,True,False,False,"P_n=min,S_n=max","2,2,2,2,2,2,2,2,2,2,1,1","11,1,1,1,1,1,1,1,1,1,1,1"
12,551,-1.0,-1.0,1.0,0.19174799090773548,1.3453958979561937,1.0277041416953632,0.19174799090773548,False,False,True,False,neither,"11,1,1,1,1,1,1,1,1,1,1,1","4,3,2,2,2,2,2,1,1,1,1,1"
